#id	family_id	name	maintainer	categories	aggressiveness	format	primary_url	license	upstream_status	recommended	mobile_suitability	archived	supersedes	contained_by	overlaps_with	conflicts_with	last_verified	description_es	source_name	source_group	source_subgroup	source_packs	source_formats	source_urls	source_url_count	activation_blocked
1hosts_lite	1hosts	1Hosts (Lite)	badmojr	ads,trackers	medium	domains	https://raw.githubusercontent.com/badmojr/1Hosts/master/Lite/domains.wildcards	MPL-2.0	unverified	1	excellent	0		1hosts_xtra			2026-07-15	Version liviana de 1Hosts: ads/trackers con bajo riesgo.	1Hosts (Lite)	Privacy	1Hosts	recommended,liteprivacy	domains	https://raw.githubusercontent.com/badmojr/1Hosts/master/Lite/domains.wildcards	1	0
1hosts_pro	1hosts	1Hosts (Pro)	badmojr	ads,trackers,malware	high	domains	https://raw.githubusercontent.com/badmojr/1Hosts/master/Pro/domains.wildcards	MPL-2.0	broken	0	good	0					2026-09-22	Version Pro retirada del upstream; conserva historial/cache sin actualizar. No habilitar como fuente nueva.	1Hosts (Pro)	Privacy	1Hosts	aggressiveprivacy	domains	https://raw.githubusercontent.com/badmojr/1Hosts/master/Pro/domains.wildcards	1	0
1hosts_xtra	1hosts	1Hosts (Xtra)	badmojr	ads,trackers,malware	very_high	domains	https://raw.githubusercontent.com/badmojr/1Hosts/master/Xtra/domains.wildcards	MPL-2.0	unverified	0	fair	0	1hosts_pro,1hosts_lite				2026-07-15	Version Xtra (maxima) de 1Hosts. Agresiva, puede romper sitios.	1Hosts (Xtra)	Privacy	1Hosts	extremeprivacy	domains	https://raw.githubusercontent.com/badmojr/1Hosts/master/Xtra/domains.wildcards	1	0
adaway_official	adaway	AdAway (oficial)	AdAway	ads,mobile_ads	medium	hosts	https://adaway.org/hosts.txt	CC-BY-3.0	unverified	1	excellent	0					2026-07-15	La lista historica de AdAway: publicidad movil, conservadora y confiable.							0	0
dandelionsprout_antimalware	dandelionsprout	DandelionSprout Anti-Malware List	DandelionSprout	malware,phishing	medium	hosts	https://raw.githubusercontent.com/DandelionSprout/adfilt/master/Alternate%20versions%20Anti-Malware%20List/AntiMalwareHosts.txt	BSD-3-Clause	unverified	1	good	0					2026-07-15	Anti-malware de DandelionSprout (URL oficial completa, corregida).	Threats (DandelionSprout)	Security	ThreatIntelligence	malware	hosts	https://raw.githubusercontent.com/DandelionSprout/adfilt/master/Alternate%20versions%20Anti-Malware%20List/AntiMalwareHosts.txt	1	0
goodbyeads_core	goodbyeads	GoodbyeAds (Core)	jerryn70	ads,mobile_ads,trackers	high	hosts	https://raw.githubusercontent.com/jerryn70/GoodbyeAds/master/Hosts/GoodbyeAds.txt	GPL-3.0	unverified	1	excellent	0					2026-07-15	Enfocada en publicidad movil (in-app) y rastreadores en Android.	GoodbyeAds Hosts (jerryn70)	Privacy	GoodbyeAds	aggressiveprivacy,recommended	hosts	https://raw.githubusercontent.com/jerryn70/GoodbyeAds/master/Hosts/GoodbyeAds.txt	1	0
goodbyeads_samsung	goodbyeads	GoodbyeAds Samsung Ads	jerryn70	mobile_ads,in_app_ads	high	hosts	https://raw.githubusercontent.com/jerryn70/GoodbyeAds/master/Extension/GoodbyeAds-Samsung-AdBlock.txt	GPL-3.0	unverified	0	excellent	0					2026-07-15	Anuncios especificos de Samsung.							0	0
goodbyeads_spotify	goodbyeads	GoodbyeAds Spotify Ads	jerryn70	in_app_ads	medium	hosts	https://raw.githubusercontent.com/jerryn70/GoodbyeAds/master/Extension/GoodbyeAds-Spotify-AdBlock.txt	GPL-3.0	unverified	0	good	0					2026-07-15	Anuncios de Spotify. Cobertura parcial por DNS.	Spotify Ads (GoodbyeAds)	Privacy	GoodbyeAds		hosts	https://raw.githubusercontent.com/jerryn70/GoodbyeAds/master/Extension/GoodbyeAds-Spotify-AdBlock.txt	1	0
goodbyeads_xiaomi	goodbyeads	GoodbyeAds Xiaomi Ads	jerryn70	mobile_ads,in_app_ads	high	hosts	https://raw.githubusercontent.com/jerryn70/GoodbyeAds/master/Extension/GoodbyeAds-Xiaomi-Extension.txt	GPL-3.0	unverified	0	excellent	0					2026-07-15	Anuncios especificos de Xiaomi/MIUI.							0	0
goodbyeads_youtube	goodbyeads	GoodbyeAds YouTube Ads	jerryn70	in_app_ads	medium	hosts	https://raw.githubusercontent.com/jerryn70/GoodbyeAds/master/Extension/GoodbyeAds-YouTube-AdBlock.txt	GPL-3.0	unverified	0	fair	0					2026-07-15	Anuncios de YouTube por DNS: incompleto y puede romper la reproduccion. Los ads comparten dominios con el video.							0	0
hagezi_abused_tlds	hagezi	HaGeZi Most Abused TLDs	HaGeZi	abused_tlds	very_high	hosts	https://raw.githubusercontent.com/hagezi/dns-blocklists-legacy/main/hosts/spam-tlds.txt	GPL-3.0	unverified	0	fair	0					2026-09-22	Bloquea TLDs muy abusados por completo. Agresiva: puede tirar sitios legitimos de esos TLDs.							0	0
hagezi_antipiracy	hagezi	HaGeZi Anti-Piracy	HaGeZi	piracy	high	hosts	https://raw.githubusercontent.com/hagezi/dns-blocklists-legacy/main/hosts/anti.piracy.txt	GPL-3.0	unverified	0	good	0					2026-09-22	Bloquea sitios de pirateria. Desactivada por defecto (decision del usuario).							0	0
hagezi_badware	hagezi	HaGeZi Badware Hoster	HaGeZi	badware_hosting	high	hosts	https://raw.githubusercontent.com/hagezi/dns-blocklists-legacy/main/hosts/hoster.txt	GPL-3.0	unverified	0	good	0					2026-09-22	Proveedores de hosting recurrentes de contenido malicioso.							0	0
hagezi_dns_rebind	hagezi	HaGeZi DNS Rebind Protection	HaGeZi	dns_rebind	low	hosts	https://raw.githubusercontent.com/hagezi/dns-blocklists-legacy/main/hosts/rebind.txt	GPL-3.0	unverified	0	good	0					2026-09-22	Anti DNS-rebinding. Puede chocar con acceso a dispositivos de tu red local.							0	0
hagezi_doh_only	hagezi	HaGeZi DoH-only Bypass	HaGeZi	doh_bypass	high	hosts	https://raw.githubusercontent.com/hagezi/dns-blocklists-legacy/main/hosts/doh.txt	GPL-3.0	unverified	0	good	0		hagezi_doh_vpn_tor_proxy			2026-09-22	Bloquea solo servidores DoH publicos, para evitar que apps salteen tu DNS.							0	0
hagezi_doh_vpn_tor_proxy	hagezi	HaGeZi DoH/VPN/TOR/Proxy Bypass	HaGeZi	doh_bypass,vpn_bypass,tor_bypass,proxy_bypass	high	hosts	https://raw.githubusercontent.com/hagezi/dns-blocklists-legacy/main/hosts/doh-vpn-proxy-bypass.txt	GPL-3.0	unverified	0	fair	0				_service_vpn	2026-09-22	Corta rutas de evasion del filtro DNS. Ojo si usas VPN/TOR de forma intencional.							0	0
hagezi_dyndns	hagezi	HaGeZi Dynamic DNS	HaGeZi	dynamic_dns	medium	hosts	https://raw.githubusercontent.com/hagezi/dns-blocklists-legacy/main/hosts/dyndns.txt	GPL-3.0	unverified	0	good	0					2026-09-22	DNS dinamico abusado por malware. Puede afectar servicios caseros con dominios dyn.							0	0
hagezi_fake	hagezi	HaGeZi Fake	HaGeZi	scams,fake_stores,phishing	medium	domains	https://raw.githubusercontent.com/hagezi/dns-blocklists/main/wildcard/fake.txt	GPL-3.0	unverified	1	good	0					2026-09-22	Bloquea tiendas falsas y sitios de estafa. Complemento util a las listas de ads.							0	0
hagezi_gambling_full	hagezi	HaGeZi Gambling (Full)	HaGeZi	gambling	high	hosts	https://raw.githubusercontent.com/hagezi/dns-blocklists-legacy/main/hosts/gambling.txt	GPL-3.0	unverified	0	good	0	hagezi_gambling_medium,hagezi_gambling_mini				2026-09-22	Bloqueo de apuestas online (completo).							0	0
hagezi_gambling_medium	hagezi	HaGeZi Gambling Medium	HaGeZi	gambling	medium	hosts	https://raw.githubusercontent.com/hagezi/dns-blocklists-legacy/main/hosts/gambling.medium.txt	GPL-3.0	unverified	0	good	0		hagezi_gambling_full			2026-09-22	Bloqueo de apuestas (medio).							0	0
hagezi_gambling_mini	hagezi	HaGeZi Gambling Mini	HaGeZi	gambling	medium	hosts	https://raw.githubusercontent.com/hagezi/dns-blocklists-legacy/main/hosts/gambling.mini.txt	GPL-3.0	unverified	0	excellent	0		hagezi_gambling_full,hagezi_gambling_medium			2026-09-22	Bloqueo de apuestas (minimo).							0	0
hagezi_multi_light	hagezi	HaGeZi Multi LIGHT	HaGeZi	ads,trackers	low	domains	https://raw.githubusercontent.com/hagezi/dns-blocklists/main/wildcard/light.txt	GPL-3.0	unverified	0	good	0		hagezi_multi_normal,hagezi_multi_pro,hagezi_multi_proplus,hagezi_multi_ultimate			2026-09-22	Version liviana: bloquea publicidad y rastreadores mas comunes con el menor riesgo de romper sitios.	Light (HaGeZi)	Privacy	HaGeZi	liteprivacy	wildcard	https://raw.githubusercontent.com/hagezi/dns-blocklists/main/wildcard/light.txt	1	0
hagezi_multi_normal	hagezi	HaGeZi Multi NORMAL	HaGeZi	ads,trackers,malvertising	medium	domains	https://raw.githubusercontent.com/hagezi/dns-blocklists/main/wildcard/multi.txt	GPL-3.0	unverified	1	good	0	hagezi_multi_light	hagezi_multi_pro,hagezi_multi_proplus,hagezi_multi_ultimate			2026-09-22	Equilibrio recomendado para uso diario: publicidad, rastreo y parte de malvertising.	Normal (HaGeZi)	Privacy	HaGeZi	liteprivacy	wildcard	https://raw.githubusercontent.com/hagezi/dns-blocklists/main/wildcard/multi.txt	1	0
hagezi_multi_pro	hagezi	HaGeZi Multi PRO	HaGeZi	ads,trackers,malvertising,telemetry	high	domains	https://raw.githubusercontent.com/hagezi/dns-blocklists/main/wildcard/pro.txt	GPL-3.0	unverified	1	good	0	hagezi_multi_normal,hagezi_multi_light	hagezi_multi_proplus,hagezi_multi_ultimate			2026-09-22	Proteccion agresiva de publicidad, rastreo y telemetria. La mas usada de la familia.	Multi Pro (HaGeZi)	Privacy	HaGeZi	aggressiveprivacy	wildcard	https://raw.githubusercontent.com/hagezi/dns-blocklists/main/wildcard/pro.txt	1	0
hagezi_multi_pro_mini	hagezi	HaGeZi Multi PRO Mini	HaGeZi	ads,trackers,malvertising	high	domains	https://raw.githubusercontent.com/hagezi/dns-blocklists/main/wildcard/pro.mini.txt	GPL-3.0	unverified	0	excellent	0		hagezi_multi_pro,hagezi_multi_proplus			2026-09-22	PRO reducida para telefonos: mismo enfoque, menos dominios y menor consumo.							0	0
hagezi_multi_proplus	hagezi	HaGeZi Multi PRO++	HaGeZi	ads,trackers,malvertising,telemetry,spyware	very_high	domains	https://raw.githubusercontent.com/hagezi/dns-blocklists/main/wildcard/pro.plus.txt	GPL-3.0	unverified	0	good	0	hagezi_multi_pro,hagezi_multi_normal,hagezi_multi_light	hagezi_multi_ultimate			2026-09-22	Version reforzada de PRO con mas telemetria y spyware. Puede requerir allowlist puntual.	Multi Pro++ (HaGeZi)	Privacy	HaGeZi	extremeprivacy	wildcard	https://raw.githubusercontent.com/hagezi/dns-blocklists/main/wildcard/pro.plus.txt	1	0
hagezi_multi_proplus_mini	hagezi	HaGeZi Multi PRO++ Mini	HaGeZi	ads,trackers,malvertising,telemetry	very_high	domains	https://raw.githubusercontent.com/hagezi/dns-blocklists/main/wildcard/pro.plus.mini.txt	GPL-3.0	unverified	0	excellent	0		hagezi_multi_proplus,hagezi_multi_ultimate			2026-09-22	PRO++ reducida para dispositivos moviles con recursos limitados.							0	0
hagezi_multi_ultimate	hagezi	HaGeZi Multi ULTIMATE	HaGeZi	ads,trackers,malvertising,telemetry,spyware,affiliate	very_high	domains	https://raw.githubusercontent.com/hagezi/dns-blocklists/main/wildcard/ultimate.txt	GPL-3.0	unverified	0	fair	0	hagezi_multi_proplus,hagezi_multi_pro				2026-09-22	La lista mas agresiva de HaGeZi multi. Solo si estas dispuesto a mantener una allowlist.	Ultimate (HaGeZi)	Privacy	HaGeZi	extremeprivacy	wildcard	https://raw.githubusercontent.com/hagezi/dns-blocklists/main/wildcard/ultimate.txt	1	0
hagezi_multi_ultimate_mini	hagezi	HaGeZi Multi ULTIMATE Mini	HaGeZi	ads,trackers,malvertising,telemetry,spyware	very_high	domains	https://raw.githubusercontent.com/hagezi/dns-blocklists/main/wildcard/ultimate.mini.txt	GPL-3.0	unverified	0	good	0		hagezi_multi_ultimate			2026-09-22	ULTIMATE reducida para moviles.							0	0
hagezi_native_tracker	hagezi	HaGeZi Native Tracker	HaGeZi	native_trackers,telemetry	high	hosts	https://raw.githubusercontent.com/hagezi/dns-blocklists-legacy/main/hosts/native.txt	GPL-3.0	broken	0	good	0					2026-09-22	El upstream ya no publica una lista nativa genérica; mantiene variantes por fabricante. No hay una variante Motorola validada.							0	0
hagezi_nrd	hagezi	HaGeZi Newly Registered Domains / DGA	HaGeZi	newly_registered_domains,dga	high	hosts	https://github.com/hagezi/nrd	GPL-3.0	broken	0	fair	0					2026-09-22	La lista se migró al repositorio hagezi/nrd; su formato actual no está validado por el parser DNS de este módulo.							0	0
hagezi_nsfw	hagezi	HaGeZi NSFW	HaGeZi	adult_content	high	hosts	https://raw.githubusercontent.com/hagezi/dns-blocklists-legacy/main/hosts/nsfw.txt	GPL-3.0	unverified	0	good	0					2026-09-22	Bloquea contenido adulto (paginas enteras). NO es adult_advertising.							0	0
hagezi_popupads	hagezi	HaGeZi Pop-Up Ads	HaGeZi	popups,ads,malvertising	high	domains	https://raw.githubusercontent.com/hagezi/dns-blocklists/main/wildcard/popupads.txt	GPL-3.0	unverified	0	good	0					2026-09-22	Especifica de ventanas emergentes y anuncios intrusivos. Cobertura indirecta de publicidad adulta.							0	0
hagezi_social	hagezi	HaGeZi Social Networks	HaGeZi	social_networks	high	hosts	https://raw.githubusercontent.com/hagezi/dns-blocklists-legacy/main/hosts/social.txt	GPL-3.0	unverified	0	good	0					2026-09-22	Bloquea redes sociales por completo. No es una lista de ads: corta el acceso.							0	0
hagezi_tif	hagezi	HaGeZi Threat Intelligence Feeds (Full)	HaGeZi	malware,phishing,spyware,ransomware,badware_hosting	high	domains	https://raw.githubusercontent.com/hagezi/dns-blocklists/main/wildcard/tif.txt	GPL-3.0	unverified	0	poor	0					2026-09-22	Inteligencia de amenazas completa. Recomendada junto a una lista de ads/trackers.	Threat Intelligence Feeds (HaGeZi)	Security	HaGeZi	spam,malware,crypto,scams & phishing	wildcard	https://raw.githubusercontent.com/hagezi/dns-blocklists/main/wildcard/tif.txt	1	0
hagezi_tif_medium	hagezi	HaGeZi TIF Medium	HaGeZi	malware,phishing,spyware	medium	domains	https://raw.githubusercontent.com/hagezi/dns-blocklists/main/wildcard/tif.medium.txt	GPL-3.0	unverified	0	good	0		hagezi_tif			2026-09-22	Version media del feed de amenazas: buena relacion cobertura/tamano.							0	0
hagezi_tif_mini	hagezi	HaGeZi TIF Mini	HaGeZi	malware,phishing	medium	domains	https://raw.githubusercontent.com/hagezi/dns-blocklists/main/wildcard/tif.mini.txt	GPL-3.0	unverified	0	excellent	0		hagezi_tif,hagezi_tif_medium			2026-09-22	Amenazas esenciales con el menor tamano. Ideal para moviles.							0	0
hagezi_urlshortener	hagezi	HaGeZi URL Shortener	HaGeZi	url_shorteners	medium	hosts	https://raw.githubusercontent.com/hagezi/dns-blocklists-legacy/main/hosts/shortener.txt	GPL-3.0	unverified	0	fair	0					2026-09-22	Bloquea acortadores de URL. Rompe enlaces cortos legitimos: usar con criterio.							0	0
legacy_antipopads_re	legacy	antipopads-re (Legacy/Archived)	AdroitAdorKhan	popups,ads	high	hosts	https://raw.githubusercontent.com/AdroitAdorKhan/antipopads-re/master/formats/hosts.txt	LICENSE_UNKNOWN	archived	0	fair	1					2026-07-15	antipopads-re: ARCHIVADO. Solo como legado. Cobertura indirecta de publicidad adulta.							0	0
legacy_divested	legacy	Divested Hosts	Divested	ads,trackers,malware	very_high	hosts	https://divested.dev/hosts	LICENSE_UNKNOWN	legacy	0	fair	0					2026-07-15	Agregador heredado del usuario. Grande y sin verificar: apagado.							0	0
legacy_frogeye_firstparty	legacy	Frogeye First-Party Trackers	Frogeye	trackers,cname_tracking	high	hosts	https://hostfiles.frogeye.fr/firstparty-trackers-hosts.txt	custom	legacy	0	good	0					2026-07-15	Rastreadores first-party de Frogeye. Fuente heredada, apagada por defecto.							0	0
legacy_github_hosts	legacy	github-hosts (maxiaof)	maxiaof	regional	low	hosts	https://raw.githubusercontent.com/maxiaof/github-hosts/refs/heads/master/hosts	LICENSE_UNKNOWN	legacy	0	fair	0					2026-07-15	Hosts de acceso a GitHub. No bloquea: mapea IPs. Se incluye como fuente heredada, apagada.							0	0
legacy_hagezi_proplus_compressed	legacy	HaGeZi Pro++ (compressed, legacy URL)	HaGeZi	ads,trackers,telemetry	very_high	domains	https://raw.githubusercontent.com/hagezi/dns-blocklists/main/hosts/pro.plus-compressed.txt	GPL-3.0	legacy	0	good	0		hagezi_multi_proplus			2026-07-15	Pro++ comprimida (URL heredada). Equivale a HaGeZi Multi PRO++.							0	0
legacy_o0_pro	legacy	o0.pages.dev Pro	o0	ads,trackers	high	hosts	https://o0.pages.dev/Pro/hosts.txt	LICENSE_UNKNOWN	legacy	0	good	0					2026-07-15	Fuente heredada del usuario. Procedencia sin verificar: apagada.							0	0
legacy_rem01_bypassroot	legacy	rem01 bypassroot	rem01gaming	doh_bypass,vpn_bypass	high	hosts	https://hosts.rem01gaming.dev/bypassroot	LICENSE_UNKNOWN	legacy	0	good	0			hagezi_doh_vpn_tor_proxy		2026-07-15	Fuente heredada de bypass. Sin verificar: apagada.							0	0
legacy_turtlecute_d3host	legacy	Turtlecute d3host	Turtlecute33	ads,trackers	medium	hosts	https://raw.githubusercontent.com/Turtlecute33/toolz/refs/heads/master/src/d3host.txt	LICENSE_UNKNOWN	legacy	0	good	0					2026-07-15	Fuente heredada del usuario. Procedencia sin verificar: apagada y no recomendada.							0	0
nocoin_hosts	nocoin	NoCoin hosts	hoshsadiq	cryptojacking	medium	hosts	https://raw.githubusercontent.com/hoshsadiq/adblock-nocoin-list/master/hosts.txt	MIT	unverified	0	good	0	rc1_coinblocker				2026-07-15	NoCoin (hoshsadiq): bloquea mineros de cripto conocidos. Reemplaza a CoinBlockerLists (404).							0	0
oisd_big	oisd	OISD Big	OISD	ads,mobile_ads,malvertising,malware,phishing,spyware,ransomware,cryptojacking,telemetry,metrics,trackers	high	domains	https://big.oisd.nl/domainswild	GPL-3.0	unverified	1	good	0	oisd_small		hagezi_multi_pro,hagezi_multi_proplus		2026-07-15	Lista agregada de alcance amplio segun las categorias declaradas por OISD. Se solapa con HaGeZi PRO y puede requerir allowlist.							0	0
oisd_nsfw	oisd	OISD NSFW	OISD	adult_content	high	domains	https://nsfw.oisd.nl/domainswild	GPL-3.0	unverified	0	good	0	oisd_nsfw_small				2026-07-15	Contenido adulto (paginas). Bloquea sitios adultos completos, no publicidad.							0	0
oisd_nsfw_small	oisd	OISD NSFW Small	OISD	adult_content	medium	domains	https://nsfw-small.oisd.nl/domainswild	GPL-3.0	unverified	0	good	0		oisd_nsfw			2026-07-15	Version chica de la lista de contenido adulto de OISD.							0	0
oisd_small	oisd	OISD Small	OISD	ads,mobile_ads	medium	domains	https://raw.githubusercontent.com/sjhgvr/oisd/main/domainswild_small.txt	GPL-3.0	unverified	0	excellent	0		oisd_big			2026-07-15	Version chica de OISD enfocada en publicidad; no atribuirle la cobertura completa de OISD Big.	OISD (small)	Privacy	OISD	liteprivacy	wildcard	https://raw.githubusercontent.com/sjhgvr/oisd/main/domainswild_small.txt	1	0
ray_adguard_apps	r-a-y_mobile-hosts	AdGuard Apps (r-a-y)	r-a-y	in_app_ads,mobile_ads	high	hosts	https://raw.githubusercontent.com/r-a-y/mobile-hosts/master/AdguardApps.txt	LICENSE_UNKNOWN	unverified	0	excellent	0					2026-07-15	Anuncios in-app segun AdGuard.							0	0
ray_adguard_cname_ads	r-a-y_mobile-hosts	AdGuard CNAME Ads (r-a-y)	r-a-y	cname_tracking,ads	high	hosts	https://raw.githubusercontent.com/r-a-y/mobile-hosts/master/AdguardCNAMEAds.txt	LICENSE_UNKNOWN	unverified	0	good	0					2026-07-15	Publicidad que se oculta detras de CNAME.							0	0
ray_adguard_cname_clickthroughs	r-a-y_mobile-hosts	AdGuard CNAME Clickthroughs (r-a-y)	r-a-y	cname_tracking,affiliate	high	hosts	https://raw.githubusercontent.com/r-a-y/mobile-hosts/master/AdguardCNAMEClickthroughs.txt	LICENSE_UNKNOWN	unverified	0	good	0					2026-07-15	Enlaces de afiliado/clickthrough camuflados por CNAME.							0	0
ray_adguard_cname_microsites	r-a-y_mobile-hosts	AdGuard CNAME Microsites (r-a-y)	r-a-y	cname_tracking	medium	hosts	https://raw.githubusercontent.com/r-a-y/mobile-hosts/master/AdguardCNAMEMicrosites.txt	LICENSE_UNKNOWN	unverified	0	good	0					2026-07-15	Microsites de campanas camuflados por CNAME.							0	0
ray_adguard_cname_trackers	r-a-y_mobile-hosts	AdGuard CNAME Trackers (r-a-y)	r-a-y	cname_tracking,trackers	high	hosts	https://raw.githubusercontent.com/r-a-y/mobile-hosts/master/AdguardCNAMETrackers.txt	LICENSE_UNKNOWN	unverified	0	good	0					2026-07-15	Rastreadores camuflados por CNAME.							0	0
ray_adguard_dns	r-a-y_mobile-hosts	AdGuard DNS (r-a-y)	r-a-y	ads,trackers	high	hosts	https://raw.githubusercontent.com/r-a-y/mobile-hosts/master/AdguardDNS.txt	LICENSE_UNKNOWN	unverified	1	good	0					2026-07-15	Filtro DNS de AdGuard (fuente heredada del usuario).	AdGuard SDNS Filter	Privacy		liteprivacy	hosts	https://raw.githubusercontent.com/r-a-y/mobile-hosts/master/AdguardDNS.txt	1	0
ray_adguard_mobile_ads	r-a-y_mobile-hosts	AdGuard Mobile Ads (r-a-y)	r-a-y	mobile_ads,in_app_ads	high	hosts	https://raw.githubusercontent.com/r-a-y/mobile-hosts/master/AdguardMobileAds.txt	LICENSE_UNKNOWN	unverified	1	excellent	0					2026-07-15	Publicidad movil de AdGuard (fuente heredada del usuario).							0	0
ray_adguard_mobile_spyware	r-a-y_mobile-hosts	AdGuard Mobile Spyware (r-a-y)	r-a-y	spyware,native_trackers	high	hosts	https://raw.githubusercontent.com/r-a-y/mobile-hosts/master/AdguardMobileSpyware.txt	LICENSE_UNKNOWN	unverified	1	good	0					2026-07-15	Spyware movil de AdGuard (fuente heredada del usuario).							0	0
ray_adguard_tracking	r-a-y_mobile-hosts	AdGuard Tracking (r-a-y)	r-a-y	trackers	high	hosts	https://raw.githubusercontent.com/r-a-y/mobile-hosts/master/AdguardTracking.txt	LICENSE_UNKNOWN	unverified	0	good	0					2026-07-15	Rastreadores de AdGuard.							0	0
ray_easyprivacy_3rdparty	r-a-y_mobile-hosts	EasyPrivacy 3rd Party (r-a-y)	r-a-y	trackers	high	hosts	https://raw.githubusercontent.com/r-a-y/mobile-hosts/master/EasyPrivacy3rdParty.txt	LICENSE_UNKNOWN	unverified	0	good	0					2026-07-15	EasyPrivacy de terceros. Cobertura DNS parcial (lista de origen ABP).							0	0
ray_easyprivacy_specific	r-a-y_mobile-hosts	EasyPrivacy Specific (r-a-y)	r-a-y	trackers	high	hosts	https://raw.githubusercontent.com/r-a-y/mobile-hosts/master/EasyPrivacySpecific.txt	LICENSE_UNKNOWN	unverified	0	good	0					2026-07-15	EasyPrivacy especifica. Cobertura DNS parcial.							0	0
rc1_coinblocker	rc1	CoinBlockerLists (ZeroDot1)	ZeroDot1	cryptojacking	medium	domains	https://raw.githubusercontent.com/ZeroDot1/CoinBlockerLists/master/list.txt	GPL-3.0	broken	0	good	0					2026-07-15	CoinBlockerLists (ROTA): la URL devuelve 404 permanente. Reemplazada por NoCoin (nocoin_hosts).							0	0
rc1_easyprivacy_firebog	rc1	EasyPrivacy (Firebog)	The Firebog	trackers	high	domains	https://v.firebog.net/hosts/Easyprivacy.txt	GPL-3.0	legacy	0	good	0					2026-07-15	EasyPrivacy via Firebog (LEGACY/degradada). Preferir ray_easyprivacy_3rdparty o ray_easyprivacy_specific.							0	0
rc1_phishing_army	rc1	Phishing Army (Extended)	Phishing Army	phishing	medium	domains	https://phishing.army/download/phishing_army_blocklist_extended.txt	CC-BY-NC-4.0	unverified	1	good	0					2026-07-15	Phishing Army. Fuente de phishing de RC1.							0	0
rc1_urlhaus	rc1	URLhaus (abuse.ch)	abuse.ch	malware,badware_hosting	medium	hosts	https://urlhaus.abuse.ch/downloads/hostfile/	CC0-1.0	unverified	1	good	0					2026-07-15	URLhaus de abuse.ch. Ya venia como fuente de malware en RC1.							0	0
rdns_1hosts_kidsaf_087ab17e	rethink_1hosts	1Hosts (kidSaf)	1Hosts		medium	domains	https://raw.githubusercontent.com/badmojr/addons_1Hosts/main/kidSaf/domains.wildcards	LICENSE_UNKNOWN	unverified	0	unknown	0					2026-07-15	Fuente listada por Rethink en su grupo original ParentalControl. Las etiquetas y formatos se conservan como los publica el catálogo upstream.	1Hosts (kidSaf)	ParentalControl	1Hosts	adult	domains	https://raw.githubusercontent.com/badmojr/addons_1Hosts/main/kidSaf/domains.wildcards	1	0
rdns_1hosts_mini_81a70001	rethink_1hosts	1Hosts (mini)	1Hosts		medium	domains	https://raw.githubusercontent.com/badmojr/1Hosts/master/mini/domains.wildcards	LICENSE_UNKNOWN	unverified	0	unknown	0					2026-07-15	Fuente listada por Rethink en su grupo original Privacy. Las etiquetas y formatos se conservan como los publica el catálogo upstream.	1Hosts (mini)	Privacy	1Hosts	liteprivacy	domains	https://raw.githubusercontent.com/badmojr/1Hosts/master/mini/domains.wildcards	1	0
rdns_9gag_3013ab98	rethink_services	9Gag	Services		medium	domains	https://raw.githubusercontent.com/nextdns/services/main/services/9gag	LICENSE_UNKNOWN	unverified	0	unknown	0					2026-07-15	Fuente listada por Rethink en su grupo original ParentalControl. Las etiquetas y formatos se conservan como los publica el catálogo upstream.	9Gag	ParentalControl	Services	vanity	domains	https://raw.githubusercontent.com/nextdns/services/main/services/9gag	1	0
rdns_abpindo_ad73fb7c	rethink_catalog	ABPindo	serverless-dns/blocklists		medium	domains	https://raw.githubusercontent.com/ABPindo/indonesianadblockrules/master/subscriptions/domain.txt	LICENSE_UNKNOWN	unverified	0	unknown	0					2026-07-15	Fuente listada por Rethink en su grupo original Privacy. Las etiquetas y formatos se conservan como los publica el catálogo upstream.	ABPindo	Privacy			domains	https://raw.githubusercontent.com/ABPindo/indonesianadblockrules/master/subscriptions/domain.txt	1	0
rdns_abpvn_list_8e16b6f2	rethink_catalog	ABPVN List	serverless-dns/blocklists		medium	hosts	https://abpvn.com/android/abpvn.txt	LICENSE_UNKNOWN	unverified	0	unknown	0					2026-07-15	Fuente listada por Rethink en su grupo original Privacy. Las etiquetas y formatos se conservan como los publica el catálogo upstream.	ABPVN List	Privacy		aggressiveprivacy	hosts	https://abpvn.com/android/abpvn.txt	1	0
rdns_ad_blocklist_japan_logroid_756cb2fd	rethink_catalog	Ad Blocklist Japan (logroid)	serverless-dns/blocklists		medium	hosts	https://raw.githubusercontent.com/logroid/adaway-hosts/master/hosts.txt	LICENSE_UNKNOWN	unverified	0	unknown	0					2026-07-15	Fuente listada por Rethink en su grupo original Privacy. Las etiquetas y formatos se conservan como los publica el catálogo upstream.	Ad Blocklist Japan (logroid)	Privacy			hosts	https://raw.githubusercontent.com/logroid/adaway-hosts/master/hosts.txt	1	0
rdns_ad_set_hosts_rentianyu_26b4041b	rethink_catalog	Ad Set Hosts (rentianyu)	serverless-dns/blocklists		medium	auto		LICENSE_UNKNOWN	unverified	0	unknown	0					2026-07-15	Fuente listada por Rethink en su grupo original Privacy. Las etiquetas y formatos se conservan como los publica el catálogo upstream.	Ad Set Hosts (rentianyu)	Privacy		aggressiveprivacy	hosts,hosts	https://raw.githubusercontent.com/rentianyu/Ad-set-hosts/master/hosts,https://raw.githubusercontent.com/rentianyu/Ad-set-hosts/master/xiaobeita/hosts	2	1
rdns_ad_wars_8eaef4a7	rethink_catalog	Ad-Wars	serverless-dns/blocklists		medium	hosts	https://raw.githubusercontent.com/jdlingyu/ad-wars/master/hosts	LICENSE_UNKNOWN	unverified	0	unknown	0					2026-07-15	Fuente listada por Rethink en su grupo original Privacy. Las etiquetas y formatos se conservan como los publica el catálogo upstream.	Ad-Wars	Privacy		aggressiveprivacy	hosts	https://raw.githubusercontent.com/jdlingyu/ad-wars/master/hosts	1	0
rdns_add_2o7net_53a98e9e	rethink_catalog	Add.2o7Net	serverless-dns/blocklists		medium	hosts	https://raw.githubusercontent.com/FadeMind/hosts.extras/master/add.2o7Net/hosts	LICENSE_UNKNOWN	unverified	0	unknown	0					2026-07-15	Fuente listada por Rethink en su grupo original Privacy. Las etiquetas y formatos se conservan como los publica el catálogo upstream.	Add.2o7Net	Privacy			hosts	https://raw.githubusercontent.com/FadeMind/hosts.extras/master/add.2o7Net/hosts	1	0
rdns_adguard_tracking_and_spyware_f55e9531	rethink_catalog	AdGuard Tracking and Spyware	serverless-dns/blocklists		medium	auto		LICENSE_UNKNOWN	unverified	0	unknown	0					2026-07-15	Fuente listada por Rethink en su grupo original Privacy. Las etiquetas y formatos se conservan como los publica el catálogo upstream.	AdGuard Tracking and Spyware	Privacy		aggressiveprivacy	hosts,hosts,domains	https://raw.githubusercontent.com/r-a-y/mobile-hosts/master/AdguardMobileSpyware.txt,https://raw.githubusercontent.com/r-a-y/mobile-hosts/master/AdguardMobileAds.txt,https://raw.githubusercontent.com/AssoEchap/stalkerware-indicators/master/generated/hosts	3	1
rdns_adrules_dns_list_393493ac	rethink_catalog	AdRules DNS List	serverless-dns/blocklists		medium	auto		LICENSE_UNKNOWN	unverified	0	unknown	0					2026-07-15	Fuente listada por Rethink en su grupo original Privacy. Las etiquetas y formatos se conservan como los publica el catálogo upstream.	AdRules DNS List	Privacy		extremeprivacy	abp,abp	https://raw.githubusercontent.com/Cats-Team/AdRules/main/dns.txt,https://raw.githubusercontent.com/8680/GOODBYEADS/refs/heads/master/data/rules/dns.txt	2	1
rdns_ads_awavenue_4cc8d597	rethink_catalog	Ads (AWAvenue)	serverless-dns/blocklists		medium	abp	https://raw.githubusercontent.com/TG-Twilight/AWAvenue-Ads-Rule/main/AWAvenue-Ads-Rule.txt	LICENSE_UNKNOWN	unverified	0	unknown	0					2026-07-15	Fuente listada por Rethink en su grupo original Privacy. Las etiquetas y formatos se conservan como los publica el catálogo upstream.	Ads (AWAvenue)	Privacy		aggressiveprivacy	abp	https://raw.githubusercontent.com/TG-Twilight/AWAvenue-Ads-Rule/main/AWAvenue-Ads-Rule.txt	1	0
rdns_ads_disconnect_5c9adc5d	rethink_disconnect	Ads (Disconnect)	Disconnect		medium	domains	https://s3.amazonaws.com/lists.disconnect.me/simple_ad.txt	LICENSE_UNKNOWN	unverified	0	unknown	0					2026-07-15	Fuente listada por Rethink en su grupo original Privacy. Las etiquetas y formatos se conservan como los publica el catálogo upstream.	Ads (Disconnect)	Privacy	Disconnect	liteprivacy	domains	https://s3.amazonaws.com/lists.disconnect.me/simple_ad.txt	1	0
rdns_ads_the_block_list_project_83409618	rethink_the_block_list_project	Ads (The Block List Project)	The Block List Project		medium	domains	https://blocklistproject.github.io/Lists/alt-version/ads-nl.txt	LICENSE_UNKNOWN	unverified	0	unknown	0					2026-07-15	Fuente listada por Rethink en su grupo original Privacy. Las etiquetas y formatos se conservan como los publica el catálogo upstream.	Ads (The Block List Project)	Privacy	The Block List Project	extremeprivacy	domains	https://blocklistproject.github.io/Lists/alt-version/ads-nl.txt	1	0
rdns_ads_tracking_lighswitch05_a367fdef	rethink_lighswitch05	Ads & Tracking (Lighswitch05)	Lighswitch05		medium	hosts	https://www.github.developerdan.com/hosts/lists/ads-and-tracking-extended.txt	LICENSE_UNKNOWN	unverified	0	unknown	0					2026-07-15	Fuente listada por Rethink en su grupo original Privacy. Las etiquetas y formatos se conservan como los publica el catálogo upstream.	Ads & Tracking (Lighswitch05)	Privacy	Lighswitch05	aggressiveprivacy	hosts	https://www.github.developerdan.com/hosts/lists/ads-and-tracking-extended.txt	1	0
rdns_adult_cbuijs_8a5a758c	rethink_catalog	Adult (cbuijs)	serverless-dns/blocklists		medium	domains	https://raw.githubusercontent.com/cbuijs/accomplist/master/family-safe/plain.black.domain.list	LICENSE_UNKNOWN	unverified	0	unknown	0					2026-07-15	Fuente listada por Rethink en su grupo original ParentalControl. Las etiquetas y formatos se conservan como los publica el catálogo upstream.	Adult (cbuijs)	ParentalControl		adult	domains	https://raw.githubusercontent.com/cbuijs/accomplist/master/family-safe/plain.black.domain.list	1	0
rdns_adult_shadowwhisperer_34f6652c	rethink_catalog	Adult (ShadowWhisperer)	serverless-dns/blocklists		medium	domains	https://raw.githubusercontent.com/ShadowWhisperer/BlockLists/master/Lists/Adult	LICENSE_UNKNOWN	unverified	0	unknown	0					2026-07-15	Fuente listada por Rethink en su grupo original ParentalControl. Las etiquetas y formatos se conservan como los publica el catálogo upstream.	Adult (ShadowWhisperer)	ParentalControl		adult	domains	https://raw.githubusercontent.com/ShadowWhisperer/BlockLists/master/Lists/Adult	1	0
rdns_adult_the_block_list_project_abbc0281	rethink_the_block_list_project	Adult (The Block List Project)	The Block List Project		medium	domains	https://blocklistproject.github.io/Lists/alt-version/porn-nl.txt	LICENSE_UNKNOWN	unverified	0	unknown	0					2026-07-15	Fuente listada por Rethink en su grupo original ParentalControl. Las etiquetas y formatos se conservan como los publica el catálogo upstream.	Adult (The Block List Project)	ParentalControl	The Block List Project	adult	domains	https://blocklistproject.github.io/Lists/alt-version/porn-nl.txt	1	0
rdns_adult_tiuxo_0aa3c702	rethink_tiuxo	Adult (Tiuxo)	Tiuxo		medium	hosts	https://raw.githubusercontent.com/tiuxo/hosts/master/porn	LICENSE_UNKNOWN	unverified	0	unknown	0					2026-07-15	Fuente listada por Rethink en su grupo original ParentalControl. Las etiquetas y formatos se conservan como los publica el catálogo upstream.	Adult (Tiuxo)	ParentalControl	Tiuxo	adult	hosts	https://raw.githubusercontent.com/tiuxo/hosts/master/porn	1	0
rdns_alexa_amazon_1cbebb0a	rethink_nativetracking	Alexa (Amazon)	NativeTracking		medium	domains	https://raw.githubusercontent.com/nextdns/native-tracking-domains/main/domains/alexa	LICENSE_UNKNOWN	unverified	0	unknown	0					2026-07-15	Fuente listada por Rethink en su grupo original Privacy. Las etiquetas y formatos se conservan como los publica el catálogo upstream.	Alexa (Amazon)	Privacy	NativeTracking	amazon	domains	https://raw.githubusercontent.com/nextdns/native-tracking-domains/main/domains/alexa	1	0
rdns_amazon_653d7519	rethink_services	Amazon	Services		medium	auto		LICENSE_UNKNOWN	unverified	0	unknown	0					2026-07-15	Fuente listada por Rethink en su grupo original ParentalControl. Las etiquetas y formatos se conservan como los publica el catálogo upstream.	Amazon	ParentalControl	Services	shopping,amazon	domains,domains	https://raw.githubusercontent.com/nickspaargaren/no-amazon/master/amazon.txt,https://raw.githubusercontent.com/nextdns/services/main/services/amazon	2	1
rdns_anti_ad_463ae444	rethink_catalog	Anti Ad	serverless-dns/blocklists		medium	auto		LICENSE_UNKNOWN	unverified	0	unknown	0					2026-07-15	Fuente listada por Rethink en su grupo original Privacy. Las etiquetas y formatos se conservan como los publica el catálogo upstream.	Anti Ad	Privacy		aggressiveprivacy	domains,hosts	https://raw.githubusercontent.com/privacy-protection-tools/anti-AD/master/anti-ad-domains.txt,https://raw.githubusercontent.com/neodevpro/neodevhost/master/host	2	1
rdns_anti_pop_ads_2_ador_khan_07d6be6a	rethink_catalog	Anti Pop Ads 2 (Ador Khan)	serverless-dns/blocklists		medium	domains	https://raw.githubusercontent.com/AdroitAdorKhan/antipopads-re/master/formats/domains.txt	LICENSE_UNKNOWN	unverified	0	unknown	0					2026-07-15	Fuente listada por Rethink en su grupo original Privacy. Las etiquetas y formatos se conservan como los publica el catálogo upstream.	Anti Pop Ads 2 (Ador Khan)	Privacy			domains	https://raw.githubusercontent.com/AdroitAdorKhan/antipopads-re/master/formats/domains.txt	1	0
rdns_anudeep_s_blacklist_d8a3aadd	rethink_catalog	Anudeep's Blacklist	serverless-dns/blocklists		medium	hosts	https://raw.githubusercontent.com/anudeepND/blacklist/master/adservers.txt	LICENSE_UNKNOWN	unverified	0	unknown	0					2026-07-15	Fuente listada por Rethink en su grupo original Privacy. Las etiquetas y formatos se conservan como los publica el catálogo upstream.	Anudeep's Blacklist	Privacy		liteprivacy	hosts	https://raw.githubusercontent.com/anudeepND/blacklist/master/adservers.txt	1	0
rdns_apple_4cc9b233	rethink_hagezi	Apple	HaGeZi		medium	auto		LICENSE_UNKNOWN	unverified	0	unknown	0					2026-07-15	Fuente listada por Rethink en su grupo original Privacy. Las etiquetas y formatos se conservan como los publica el catálogo upstream.	Apple	Privacy	HaGeZi	apple	wildcard,domains	https://raw.githubusercontent.com/hagezi/dns-blocklists/main/wildcard/native.apple.txt,https://raw.githubusercontent.com/ShadowWhisperer/BlockLists/master/Lists/Apple	2	1
rdns_avg_avast_ftprivacy_3b39a367	rethink_services	AVG + Avast (ftprivacy)	Services		medium	domains	https://raw.githubusercontent.com/ftpmorph/ftprivacy/master/blocklists/avg-avast-data-mining-full-block.txt	LICENSE_UNKNOWN	unverified	0	unknown	0					2026-07-15	Fuente listada por Rethink en su grupo original ParentalControl. Las etiquetas y formatos se conservan como los publica el catálogo upstream.	AVG + Avast (ftprivacy)	ParentalControl	Services	vpn & proxies	domains	https://raw.githubusercontent.com/ftpmorph/ftprivacy/master/blocklists/avg-avast-data-mining-full-block.txt	1	0
rdns_bad_sites_phishing_mailscanner_info_malwaref_53d16567	rethink_threatintelligence	Bad Sites (phishing.mailscanner.info + MalwareFilter)	ThreatIntelligence		medium	auto		LICENSE_UNKNOWN	unverified	0	unknown	0					2026-07-15	Fuente listada por Rethink en su grupo original Security. Las etiquetas y formatos se conservan como los publica el catálogo upstream.	Bad Sites (phishing.mailscanner.info + MalwareFilter)	Security	ThreatIntelligence	scams & phishing	domains,domains	http://phishing.mailscanner.info/phishing.bad.sites.conf,https://malware-filter.gitlab.io/malware-filter/phishing-filter-domains.txt	2	1
rdns_bad_top_level_domains_cbuijs_8ee4ee17	rethink_threatintelligence	Bad Top-Level Domains (cbuijs)	ThreatIntelligence		medium	domains	https://github.com/cbuijs/accomplist/raw/master/tlds/plain.black.domain.list	LICENSE_UNKNOWN	unverified	0	unknown	0					2026-07-15	Fuente listada por Rethink en su grupo original Security. Las etiquetas y formatos se conservan como los publica el catálogo upstream.	Bad Top-Level Domains (cbuijs)	Security	ThreatIntelligence	spam	domains	https://github.com/cbuijs/accomplist/raw/master/tlds/plain.black.domain.list	1	0
rdns_badd_boyz_hosts_mitchell_krogza_e20f988a	rethink_baddboyz	Badd Boyz Hosts (Mitchell Krogza)	BaddBoyz		medium	domains	https://raw.githubusercontent.com/Ultimate-Hosts-Blacklist/BaddBoyzHosts/master/clean.list	LICENSE_UNKNOWN	unverified	0	unknown	0					2026-07-15	Fuente listada por Rethink en su grupo original Security. Las etiquetas y formatos se conservan como los publica el catálogo upstream.	Badd Boyz Hosts (Mitchell Krogza)	Security	BaddBoyz	malware,adult	domains	https://raw.githubusercontent.com/Ultimate-Hosts-Blacklist/BaddBoyzHosts/master/clean.list	1	0
rdns_blackbook_miroslav_stampar_7eede395	rethink_threatintelligence	Blackbook (Miroslav Stampar)	ThreatIntelligence		medium	domains	https://raw.githubusercontent.com/stamparm/blackbook/master/blackbook.txt	LICENSE_UNKNOWN	unverified	0	unknown	0					2026-07-15	Fuente listada por Rethink en su grupo original Security. Las etiquetas y formatos se conservan como los publica el catálogo upstream.	Blackbook (Miroslav Stampar)	Security	ThreatIntelligence	malware	domains	https://raw.githubusercontent.com/stamparm/blackbook/master/blackbook.txt	1	0
rdns_blizzard_4c27996d	rethink_services	Blizzard	Services		medium	domains	https://raw.githubusercontent.com/nextdns/services/main/services/blizzard	LICENSE_UNKNOWN	unverified	0	unknown	0					2026-07-15	Fuente listada por Rethink en su grupo original ParentalControl. Las etiquetas y formatos se conservan como los publica el catálogo upstream.	Blizzard	ParentalControl	Services	gaming	domains	https://raw.githubusercontent.com/nextdns/services/main/services/blizzard	1	0
rdns_bloat_shadowwhisperer_07dff6c0	rethink_shadowwhisperer	Bloat (ShadowWhisperer)	ShadowWhisperer		medium	domains	https://raw.githubusercontent.com/ShadowWhisperer/BlockLists/master/Lists/Bloat	LICENSE_UNKNOWN	unverified	0	unknown	0					2026-07-15	Fuente listada por Rethink en su grupo original Privacy. Las etiquetas y formatos se conservan como los publica el catálogo upstream.	Bloat (ShadowWhisperer)	Privacy	ShadowWhisperer	extremeprivacy	domains	https://raw.githubusercontent.com/ShadowWhisperer/BlockLists/master/Lists/Bloat	1	0
rdns_blocklist_hblock_7ab97e14	rethink_catalog	Blocklist (hBlock)	serverless-dns/blocklists		medium	domains	https://hblock.molinero.dev/hosts_domains.txt	LICENSE_UNKNOWN	unverified	0	unknown	0					2026-07-15	Fuente listada por Rethink en su grupo original Privacy. Las etiquetas y formatos se conservan como los publica el catálogo upstream.	Blocklist (hBlock)	Privacy		aggressiveprivacy	domains	https://hblock.molinero.dev/hosts_domains.txt	1	0
rdns_blocklist_ph00lt0_64960f2f	rethink_privacy	Blocklist (ph00lt0)	Privacy		medium	hosts	https://raw.githubusercontent.com/ph00lt0/blocklists/master/pihole-blocklist.txt	LICENSE_UNKNOWN	unverified	0	unknown	0					2026-07-15	Fuente listada por Rethink en su grupo original Privacy. Las etiquetas y formatos se conservan como los publica el catálogo upstream.	Blocklist (ph00lt0)	Privacy	Privacy	extremeprivacy	hosts	https://raw.githubusercontent.com/ph00lt0/blocklists/master/pihole-blocklist.txt	1	0
rdns_blocklists_cbuijs_ec4c20e8	rethink_catalog	Blocklists (cbuijs)	serverless-dns/blocklists		medium	domains	https://github.com/cbuijs/accomplist/raw/master/deugniets/plain.black.domain.list	LICENSE_UNKNOWN	unverified	0	unknown	0					2026-07-15	Fuente listada por Rethink en su grupo original Privacy. Las etiquetas y formatos se conservan como los publica el catálogo upstream.	Blocklists (cbuijs)	Privacy		ignore	domains	https://github.com/cbuijs/accomplist/raw/master/deugniets/plain.black.domain.list	1	0
rdns_blocklists_notracking_33002dcf	rethink_catalog	Blocklists (NoTracking)	serverless-dns/blocklists		medium	hosts	https://raw.githubusercontent.com/notracking/hosts-blocklists/master/hostnames.txt	LICENSE_UNKNOWN	unverified	0	unknown	0					2026-07-15	Fuente listada por Rethink en su grupo original Privacy. Las etiquetas y formatos se conservan como los publica el catálogo upstream.	Blocklists (NoTracking)	Privacy		aggressiveprivacy,spyware	hosts	https://raw.githubusercontent.com/notracking/hosts-blocklists/master/hostnames.txt	1	0
rdns_bulgarian_list_adblock_634df836	rethink_catalog	Bulgarian list (Adblock)	serverless-dns/blocklists		medium	abp	https://stanev.org/abp/adblock_bg.txt	LICENSE_UNKNOWN	unverified	0	unknown	0					2026-07-15	Fuente listada por Rethink en su grupo original Privacy. Las etiquetas y formatos se conservan como los publica el catálogo upstream.	Bulgarian list (Adblock)	Privacy		extremeprivacy	abp	https://stanev.org/abp/adblock_bg.txt	1	0
rdns_child_protection_rpi_9c1bf2b1	rethink_rpilist	Child Protection (RPi)	RPiList		medium	abp	https://raw.githubusercontent.com/RPiList/specials/master/Blocklisten/child-protection	LICENSE_UNKNOWN	unverified	0	unknown	0					2026-07-15	Fuente listada por Rethink en su grupo original Security. Las etiquetas y formatos se conservan como los publica el catálogo upstream.	Child Protection (RPi)	Security	RPiList	vanity,adult	abp	https://raw.githubusercontent.com/RPiList/specials/master/Blocklisten/child-protection	1	0
rdns_coin_blocker_zerodot1_b1e6df61	rethink_cryptojacking	Coin Blocker (Zerodot1)	Cryptojacking		medium	auto		LICENSE_UNKNOWN	unverified	0	unknown	0					2026-07-15	Fuente listada por Rethink en su grupo original Security. Las etiquetas y formatos se conservan como los publica el catálogo upstream.	Coin Blocker (Zerodot1)	Security	Cryptojacking	crypto	domains,domains,domains,domains	https://gitlab.com/ZeroDot1/CoinBlockerLists/-/raw/master/list.txt,https://gitlab.com/ZeroDot1/CoinBlockerLists/-/raw/master/list_browser.txt,https://gitlab.com/ZeroDot1/CoinBlockerLists/-/raw/master/list_browser_AdBlock.txt,https://gitlab.com/ZeroDot1/CoinBlockerLists/-/raw/master/list_optional.txt	4	1
rdns_combined_privacy_block_lists_full_bongochong_42925ef1	rethink_cpbl	Combined Privacy Block Lists: Full (bongochong)	CPBL		medium	auto	https://raw.githubusercontent.com/bongochong/CombinedPrivacyBlockLists/master/NoFormatting/cpbl-wildcard-blacklist.txt	LICENSE_UNKNOWN	unverified	0	unknown	0					2026-07-15	Fuente listada por Rethink en su grupo original Privacy. Las etiquetas y formatos se conservan como los publica el catálogo upstream.	Combined Privacy Block Lists: Full (bongochong)	Privacy	CPBL	aggressiveprivacy	wildcard	https://raw.githubusercontent.com/bongochong/CombinedPrivacyBlockLists/master/NoFormatting/cpbl-wildcard-blacklist.txt	1	0
rdns_combined_privacy_block_lists_light_bongochon_e590c0de	rethink_cpbl	Combined Privacy Block Lists: Light (bongochong)	CPBL		medium	auto	https://raw.githubusercontent.com/bongochong/CombinedPrivacyBlockLists/master/MiniLists/NoFormatting/mini-cpbl-wildcard-blacklist.txt	LICENSE_UNKNOWN	unverified	1	unknown	0					2026-07-15	Fuente listada por Rethink en su grupo original Privacy. Las etiquetas y formatos se conservan como los publica el catálogo upstream.	Combined Privacy Block Lists: Light (bongochong)	Privacy	CPBL	liteprivacy,recommended	wildcard	https://raw.githubusercontent.com/bongochong/CombinedPrivacyBlockLists/master/MiniLists/NoFormatting/mini-cpbl-wildcard-blacklist.txt	1	0
rdns_covid_list_rescure_and_kriskintel_4f48d87b	rethink_threatintelligence	Covid List (rescure and kriskintel)	ThreatIntelligence		medium	domains	https://raw.githubusercontent.com/cbuijs/accomplist/master/covid/plain.black.domain.list	LICENSE_UNKNOWN	unverified	0	unknown	0					2026-07-15	Fuente listada por Rethink en su grupo original Security. Las etiquetas y formatos se conservan como los publica el catálogo upstream.	Covid List (rescure and kriskintel)	Security	ThreatIntelligence	scams & phishing	domains	https://raw.githubusercontent.com/cbuijs/accomplist/master/covid/plain.black.domain.list	1	0
rdns_cryptojacking_the_block_list_project_50c6ef55	rethink_the_block_list_project	Cryptojacking (The Block List Project)	The Block List Project		medium	domains	https://blocklistproject.github.io/Lists/alt-version/crypto-nl.txt	LICENSE_UNKNOWN	unverified	0	unknown	0					2026-07-15	Fuente listada por Rethink en su grupo original Security. Las etiquetas y formatos se conservan como los publica el catálogo upstream.	Cryptojacking (The Block List Project)	Security	The Block List Project	crypto	domains	https://blocklistproject.github.io/Lists/alt-version/crypto-nl.txt	1	0
rdns_daily_motion_9a443376	rethink_services	Daily Motion	Services		medium	domains	https://raw.githubusercontent.com/nextdns/services/main/services/dailymotion	LICENSE_UNKNOWN	unverified	0	unknown	0					2026-07-15	Fuente listada por Rethink en su grupo original ParentalControl. Las etiquetas y formatos se conservan como los publica el catálogo upstream.	Daily Motion	ParentalControl	Services	streams	domains	https://raw.githubusercontent.com/nextdns/services/main/services/dailymotion	1	0
rdns_dating_olbat_shadowwhisperer_7478a602	rethink_catalog	Dating (Olbat + ShadowWhisperer)	serverless-dns/blocklists		medium	auto		LICENSE_UNKNOWN	unverified	0	unknown	0					2026-07-15	Fuente listada por Rethink en su grupo original ParentalControl. Las etiquetas y formatos se conservan como los publica el catálogo upstream.	Dating (Olbat + ShadowWhisperer)	ParentalControl		dating	domains,domains	https://raw.githubusercontent.com/olbat/ut1-blacklists/master/blacklists/dating/domains,https://raw.githubusercontent.com/ShadowWhisperer/BlockLists/master/Lists/Dating	2	1
rdns_discord_74ff97f5	rethink_services	Discord	Services		medium	domains	https://raw.githubusercontent.com/nextdns/services/main/services/discord	LICENSE_UNKNOWN	unverified	0	unknown	0					2026-07-15	Fuente listada por Rethink en su grupo original ParentalControl. Las etiquetas y formatos se conservan como los publica el catálogo upstream.	Discord	ParentalControl	Services	socialmedia	domains	https://raw.githubusercontent.com/nextdns/services/main/services/discord	1	0
rdns_disney_b08aaf8c	rethink_services	Disney+	Services		medium	domains	https://raw.githubusercontent.com/nextdns/services/main/services/disneyplus	LICENSE_UNKNOWN	unverified	0	unknown	0					2026-07-15	Fuente listada por Rethink en su grupo original ParentalControl. Las etiquetas y formatos se conservan como los publica el catálogo upstream.	Disney+	ParentalControl	Services	streams	domains	https://raw.githubusercontent.com/nextdns/services/main/services/disneyplus	1	0
rdns_drugs_the_block_list_project_937fe9e9	rethink_the_block_list_project	Drugs (The Block List Project)	The Block List Project		medium	domains	https://blocklistproject.github.io/Lists/alt-version/drugs-nl.txt	LICENSE_UNKNOWN	unverified	0	unknown	0					2026-07-15	Fuente listada por Rethink en su grupo original ParentalControl. Las etiquetas y formatos se conservan como los publica el catálogo upstream.	Drugs (The Block List Project)	ParentalControl	The Block List Project	drugs	domains	https://blocklistproject.github.io/Lists/alt-version/drugs-nl.txt	1	0
rdns_dynamic_dns_providers_54e17533	rethink_hagezi	Dynamic DNS Providers	HaGeZi		medium	auto	https://raw.githubusercontent.com/hagezi/dns-blocklists/main/wildcard/dyndns.txt	LICENSE_UNKNOWN	unverified	0	unknown	0					2026-07-15	Fuente listada por Rethink en su grupo original Security. Las etiquetas y formatos se conservan como los publica el catálogo upstream.	Dynamic DNS Providers	Security	HaGeZi	vpn & proxies	wildcard	https://raw.githubusercontent.com/hagezi/dns-blocklists/main/wildcard/dyndns.txt	1	0
rdns_easylist_basic_47d6b800	rethink_easylist	EasyList Basic	EasyList		medium	domains	https://raw.githubusercontent.com/cbuijs/accomplist/master/easylist/optimized.black.domain.list	LICENSE_UNKNOWN	unverified	0	unknown	0					2026-07-15	Fuente listada por Rethink en su grupo original Privacy. Las etiquetas y formatos se conservan como los publica el catálogo upstream.	EasyList Basic	Privacy	EasyList	liteprivacy	domains	https://raw.githubusercontent.com/cbuijs/accomplist/master/easylist/optimized.black.domain.list	1	0
rdns_easylist_china_cfc6be68	rethink_easylist	EasyList China	EasyList		medium	abp	https://easylist-downloads.adblockplus.org/easylistchina.txt	LICENSE_UNKNOWN	unverified	0	unknown	0					2026-07-15	Fuente listada por Rethink en su grupo original Privacy. Las etiquetas y formatos se conservan como los publica el catálogo upstream.	EasyList China	Privacy	EasyList	aggressiveprivacy	abp	https://easylist-downloads.adblockplus.org/easylistchina.txt	1	0
rdns_easylist_czech_and_slovak_e9a87864	rethink_easylist	EasyList Czech and Slovak	EasyList		medium	abp	https://raw.githubusercontent.com/tomasko126/easylistczechandslovak/master/filters.txt	LICENSE_UNKNOWN	unverified	0	unknown	0					2026-07-15	Fuente listada por Rethink en su grupo original Privacy. Las etiquetas y formatos se conservan como los publica el catálogo upstream.	EasyList Czech and Slovak	Privacy	EasyList	extremeprivacy	abp	https://raw.githubusercontent.com/tomasko126/easylistczechandslovak/master/filters.txt	1	0
rdns_easylist_dutch_d60a16ba	rethink_easylist	EasyList Dutch	EasyList		medium	domains	https://raw.githubusercontent.com/cbuijs/accomplist/master/dutch/optimized.black.domain.list	LICENSE_UNKNOWN	unverified	0	unknown	0					2026-07-15	Fuente listada por Rethink en su grupo original Privacy. Las etiquetas y formatos se conservan como los publica el catálogo upstream.	EasyList Dutch	Privacy	EasyList	extremeprivacy	domains	https://raw.githubusercontent.com/cbuijs/accomplist/master/dutch/optimized.black.domain.list	1	0
rdns_easylist_germany_abb7fac3	rethink_easylist	EasyList Germany	EasyList		medium	abp	https://easylist-downloads.adblockplus.org/easylistgermany.txt	LICENSE_UNKNOWN	unverified	0	unknown	0					2026-07-15	Fuente listada por Rethink en su grupo original Privacy. Las etiquetas y formatos se conservan como los publica el catálogo upstream.	EasyList Germany	Privacy	EasyList	extremeprivacy	abp	https://easylist-downloads.adblockplus.org/easylistgermany.txt	1	0
rdns_easylist_hebrew_a4569280	rethink_easylist	EasyList Hebrew	EasyList		medium	domains	https://raw.githubusercontent.com/easylist/EasyListHebrew/master/adguard_hosts.txt	LICENSE_UNKNOWN	unverified	0	unknown	0					2026-07-15	Fuente listada por Rethink en su grupo original Privacy. Las etiquetas y formatos se conservan como los publica el catálogo upstream.	EasyList Hebrew	Privacy	EasyList	extremeprivacy	domains	https://raw.githubusercontent.com/easylist/EasyListHebrew/master/adguard_hosts.txt	1	0
rdns_easylist_lithuania_c90aee34	rethink_easylist	EasyList Lithuania	EasyList		medium	abp	https://raw.githubusercontent.com/EasyList-Lithuania/easylist_lithuania/master/easylistlithuania.txt	LICENSE_UNKNOWN	unverified	0	unknown	0					2026-07-15	Fuente listada por Rethink en su grupo original Privacy. Las etiquetas y formatos se conservan como los publica el catálogo upstream.	EasyList Lithuania	Privacy	EasyList	extremeprivacy	abp	https://raw.githubusercontent.com/EasyList-Lithuania/easylist_lithuania/master/easylistlithuania.txt	1	0
rdns_easyprivacy_2318da57	rethink_easylist	EasyPrivacy	EasyList		medium	abp	https://easylist-downloads.adblockplus.org/easyprivacy.txt	LICENSE_UNKNOWN	unverified	0	unknown	0					2026-07-15	Fuente listada por Rethink en su grupo original Privacy. Las etiquetas y formatos se conservan como los publica el catálogo upstream.	EasyPrivacy	Privacy	EasyList	aggressiveprivacy	abp	https://easylist-downloads.adblockplus.org/easyprivacy.txt	1	0
rdns_ebay_0291ee15	rethink_services	EBay	Services		medium	domains	https://raw.githubusercontent.com/nextdns/services/main/services/ebay	LICENSE_UNKNOWN	unverified	0	unknown	0					2026-07-15	Fuente listada por Rethink en su grupo original ParentalControl. Las etiquetas y formatos se conservan como los publica el catálogo upstream.	EBay	ParentalControl	Services	shopping	domains	https://raw.githubusercontent.com/nextdns/services/main/services/ebay	1	0
rdns_epic_games_6564fde2	rethink_services	Epic Games	Services		medium	auto		LICENSE_UNKNOWN	unverified	0	unknown	0					2026-07-15	Fuente listada por Rethink en su grupo original ParentalControl. Las etiquetas y formatos se conservan como los publica el catálogo upstream.	Epic Games	ParentalControl	Services	gaming	domains,domains	https://raw.githubusercontent.com/nextdns/services/main/services/fortnite,https://raw.githubusercontent.com/RPiList/specials/master/Internet%20Services/Epic-Games	2	1
rdns_facebook_5c4abe11	rethink_services	Facebook	Services		medium	domains	https://raw.githubusercontent.com/nextdns/services/main/services/facebook	LICENSE_UNKNOWN	unverified	0	unknown	0					2026-07-15	Fuente listada por Rethink en su grupo original ParentalControl. Las etiquetas y formatos se conservan como los publica el catálogo upstream.	Facebook	ParentalControl	Services	socialmedia,facebook	domains	https://raw.githubusercontent.com/nextdns/services/main/services/facebook	1	0
rdns_facebook_the_block_list_project_652d5241	rethink_the_block_list_project	Facebook (The Block List Project)	The Block List Project		medium	domains	https://blocklistproject.github.io/Lists/alt-version/facebook-nl.txt	LICENSE_UNKNOWN	unverified	0	unknown	0					2026-07-15	Fuente listada por Rethink en su grupo original ParentalControl. Las etiquetas y formatos se conservan como los publica el catálogo upstream.	Facebook (The Block List Project)	ParentalControl	The Block List Project	facebook,socialmedia	domains	https://blocklistproject.github.io/Lists/alt-version/facebook-nl.txt	1	0
rdns_fanboy_s_annoyance_list_9a80c818	rethink_fanboy	Fanboy's Annoyance List	Fanboy		medium	abp	https://secure.fanboy.co.nz/fanboy-annoyance.txt	LICENSE_UNKNOWN	unverified	0	unknown	0					2026-07-15	Fuente listada por Rethink en su grupo original Privacy. Las etiquetas y formatos se conservan como los publica el catálogo upstream.	Fanboy's Annoyance List	Privacy	Fanboy	spam	abp	https://secure.fanboy.co.nz/fanboy-annoyance.txt	1	0
rdns_file_hosting_9dbef57f	rethink_piracy	File hosting	Piracy		medium	auto		LICENSE_UNKNOWN	unverified	0	unknown	0					2026-07-15	Fuente listada por Rethink en su grupo original ParentalControl. Las etiquetas y formatos se conservan como los publica el catálogo upstream.	File hosting	ParentalControl	Piracy	file-hosts,piracy	domains,domains,domains	https://raw.githubusercontent.com/nextdns/piracy-blocklists/master/file-hosting,https://raw.githubusercontent.com/nextdns/bin-domains/main/hostnames,https://raw.githubusercontent.com/nextdns/bin-domains/main/domains	3	1
rdns_free_website_hosting_bed1811b	rethink_hagezi	Free Website Hosting	HaGeZi		medium	auto	https://raw.githubusercontent.com/hagezi/dns-blocklists/main/wildcard/hoster.txt	LICENSE_UNKNOWN	unverified	0	unknown	0					2026-07-15	Fuente listada por Rethink en su grupo original Security. Las etiquetas y formatos se conservan como los publica el catálogo upstream.	Free Website Hosting	Security	HaGeZi	scams & phishing	wildcard	https://raw.githubusercontent.com/hagezi/dns-blocklists/main/wildcard/hoster.txt	1	0
rdns_frellwit_s_swedish_hosts_file_53d2db73	rethink_catalog	Frellwit's Swedish Hosts File	serverless-dns/blocklists		medium	hosts	https://raw.githubusercontent.com/lassekongo83/Frellwits-filter-lists/master/Frellwits-Swedish-Hosts-File.txt	LICENSE_UNKNOWN	unverified	0	unknown	0					2026-07-15	Fuente listada por Rethink en su grupo original Privacy. Las etiquetas y formatos se conservan como los publica el catálogo upstream.	Frellwit's Swedish Hosts File	Privacy			hosts	https://raw.githubusercontent.com/lassekongo83/Frellwits-filter-lists/master/Frellwits-Swedish-Hosts-File.txt	1	0
rdns_gambling_olbat_hostsvn_d46aaab8	rethink_catalog	Gambling (Olbat + hostsVN)	serverless-dns/blocklists		medium	auto		LICENSE_UNKNOWN	unverified	0	unknown	0					2026-07-15	Fuente listada por Rethink en su grupo original ParentalControl. Las etiquetas y formatos se conservan como los publica el catálogo upstream.	Gambling (Olbat + hostsVN)	ParentalControl		gambling	domains,hosts	https://raw.githubusercontent.com/olbat/ut1-blacklists/master/blacklists/gambling/domains,https://raw.githubusercontent.com/bigdargon/hostsVN/master/extensions/gambling/hosts	2	1
rdns_gambling_sinfonietta_8604ee71	rethink_sinfonietta	Gambling (Sinfonietta)	Sinfonietta		medium	hosts	https://raw.githubusercontent.com/Sinfonietta/hostfiles/master/gambling-hosts	LICENSE_UNKNOWN	unverified	0	unknown	0					2026-07-15	Fuente listada por Rethink en su grupo original ParentalControl. Las etiquetas y formatos se conservan como los publica el catálogo upstream.	Gambling (Sinfonietta)	ParentalControl	Sinfonietta	gambling	hosts	https://raw.githubusercontent.com/Sinfonietta/hostfiles/master/gambling-hosts	1	0
rdns_gambling_the_block_list_project_0c69de87	rethink_the_block_list_project	Gambling (The Block List Project)	The Block List Project		medium	domains	https://blocklistproject.github.io/Lists/alt-version/gambling-nl.txt	LICENSE_UNKNOWN	unverified	0	unknown	0					2026-07-15	Fuente listada por Rethink en su grupo original ParentalControl. Las etiquetas y formatos se conservan como los publica el catálogo upstream.	Gambling (The Block List Project)	ParentalControl	The Block List Project	gambling	domains	https://blocklistproject.github.io/Lists/alt-version/gambling-nl.txt	1	0
rdns_gaming_consoles_59ace86e	rethink_services	Gaming Consoles	Services		medium	auto		LICENSE_UNKNOWN	unverified	0	unknown	0					2026-07-15	Fuente listada por Rethink en su grupo original ParentalControl. Las etiquetas y formatos se conservan como los publica el catálogo upstream.	Gaming Consoles	ParentalControl	Services	gaming	domains,domains,domains	https://raw.githubusercontent.com/nextdns/services/main/services/minecraft,https://raw.githubusercontent.com/nextdns/services/main/services/playstation-network,https://raw.githubusercontent.com/RPiList/specials/master/Internet%20Services/Nintendo	3	1
rdns_global_anti_scam_inversion_3d735a71	rethink_threatintelligence	Global Anti-Scam (Inversion)	ThreatIntelligence		medium	domains	https://raw.githubusercontent.com/elliotwutingfeng/GlobalAntiScamOrg-blocklist/main/global-anti-scam-org-scam-urls-pihole.txt	LICENSE_UNKNOWN	unverified	0	unknown	0					2026-07-15	Fuente listada por Rethink en su grupo original Security. Las etiquetas y formatos se conservan como los publica el catálogo upstream.	Global Anti-Scam (Inversion)	Security	ThreatIntelligence	scams & phishing	domains	https://raw.githubusercontent.com/elliotwutingfeng/GlobalAntiScamOrg-blocklist/main/global-anti-scam-org-scam-urls-pihole.txt	1	0
rdns_hola_vpn_ftprivacy_5d06ca85	rethink_services	Hola VPN (ftprivacy)	Services		medium	domains	https://raw.githubusercontent.com/ftpmorph/ftprivacy/master/blocklists/hola-luminati-full-block.txt	LICENSE_UNKNOWN	unverified	0	unknown	0					2026-07-15	Fuente listada por Rethink en su grupo original ParentalControl. Las etiquetas y formatos se conservan como los publica el catálogo upstream.	Hola VPN (ftprivacy)	ParentalControl	Services	vpn & proxies	domains	https://raw.githubusercontent.com/ftpmorph/ftprivacy/master/blocklists/hola-luminati-full-block.txt	1	0
rdns_hole_cert_pl_d134ddbf	rethink_threatintelligence	hole.cert.pl	ThreatIntelligence		medium	domains	https://hole.cert.pl/domains/v2/domains.txt	LICENSE_UNKNOWN	unverified	0	unknown	0					2026-07-15	Fuente listada por Rethink en su grupo original Security. Las etiquetas y formatos se conservan como los publica el catálogo upstream.	hole.cert.pl	Security	ThreatIntelligence	scams & phishing,malware	domains	https://hole.cert.pl/domains/v2/domains.txt	1	0
rdns_hostsvn_855d2a3c	rethink_catalog	HostsVN	serverless-dns/blocklists		medium	domains	https://raw.githubusercontent.com/bigdargon/hostsVN/master/option/domain.txt	LICENSE_UNKNOWN	unverified	0	unknown	0					2026-07-15	Fuente listada por Rethink en su grupo original Privacy. Las etiquetas y formatos se conservan como los publica el catálogo upstream.	HostsVN	Privacy		liteprivacy	domains	https://raw.githubusercontent.com/bigdargon/hostsVN/master/option/domain.txt	1	0
rdns_hu_filter_8ff6a36f	rethink_catalog	Hu Filter	serverless-dns/blocklists		medium	hosts	https://cdn.jsdelivr.net/gh/hufilter/hufilter@gh-pages/hufilter-hosts.txt	LICENSE_UNKNOWN	unverified	0	unknown	0					2026-07-15	Fuente listada por Rethink en su grupo original Privacy. Las etiquetas y formatos se conservan como los publica el catálogo upstream.	Hu Filter	Privacy			hosts	https://cdn.jsdelivr.net/gh/hufilter/hufilter@gh-pages/hufilter-hosts.txt	1	0
rdns_huawei_35490d9a	rethink_nativetracking	Huawei	NativeTracking		medium	auto		LICENSE_UNKNOWN	unverified	0	unknown	0					2026-07-15	Fuente listada por Rethink en su grupo original Privacy. Las etiquetas y formatos se conservan como los publica el catálogo upstream.	Huawei	Privacy	NativeTracking		domains,wildcard	https://raw.githubusercontent.com/nextdns/native-tracking-domains/main/domains/huawei,https://raw.githubusercontent.com/hagezi/dns-blocklists/main/wildcard/native.huawei.txt	2	1
rdns_hulu_0b2a08d3	rethink_services	Hulu	Services		medium	domains	https://raw.githubusercontent.com/nextdns/services/main/services/hulu	LICENSE_UNKNOWN	unverified	0	unknown	0					2026-07-15	Fuente listada por Rethink en su grupo original ParentalControl. Las etiquetas y formatos se conservan como los publica el catálogo upstream.	Hulu	ParentalControl	Services	streams	domains	https://raw.githubusercontent.com/nextdns/services/main/services/hulu	1	0
rdns_imgur_4660987e	rethink_services	Imgur	Services		medium	domains	https://raw.githubusercontent.com/nextdns/services/main/services/imgur	LICENSE_UNKNOWN	unverified	0	unknown	0					2026-07-15	Fuente listada por Rethink en su grupo original ParentalControl. Las etiquetas y formatos se conservan como los publica el catálogo upstream.	Imgur	ParentalControl	Services	vanity	domains	https://raw.githubusercontent.com/nextdns/services/main/services/imgur	1	0
rdns_instagram_d77aabe0	rethink_services	Instagram	Services		medium	domains	https://raw.githubusercontent.com/nextdns/services/main/services/instagram	LICENSE_UNKNOWN	unverified	0	unknown	0					2026-07-15	Fuente listada por Rethink en su grupo original ParentalControl. Las etiquetas y formatos se conservan como los publica el catálogo upstream.	Instagram	ParentalControl	Services	socialmedia,facebook	domains	https://raw.githubusercontent.com/nextdns/services/main/services/instagram	1	0
rdns_inversion_00435a48	rethink_threatintelligence	Inversion	ThreatIntelligence		medium	domains	https://raw.githubusercontent.com/elliotwutingfeng/Inversion-DNSBL-Blocklists/main/Google_hostnames.txt	LICENSE_UNKNOWN	unverified	0	unknown	0					2026-07-15	Fuente listada por Rethink en su grupo original Security. Las etiquetas y formatos se conservan como los publica el catálogo upstream.	Inversion	Security	ThreatIntelligence	malware	domains	https://raw.githubusercontent.com/elliotwutingfeng/Inversion-DNSBL-Blocklists/main/Google_hostnames.txt	1	0
rdns_italy_lists_easylist_marco_acorte_32deb0c4	rethink_easylist	Italy Lists (EasyList + Marco Acorte)	EasyList		medium	auto		LICENSE_UNKNOWN	unverified	0	unknown	0					2026-07-15	Fuente listada por Rethink en su grupo original Privacy. Las etiquetas y formatos se conservan como los publica el catálogo upstream.	Italy Lists (EasyList + Marco Acorte)	Privacy	EasyList	extremeprivacy,spam	abp,domains	https://easylist-downloads.adblockplus.org/easylistitaly.txt,https://raw.githubusercontent.com/marco-acorte/antispam-it/main/antispam-it.txt	2	1
rdns_ivoid_intr0_2c29e395	rethink_threatintelligence	iVoid (intr0)	ThreatIntelligence		medium	hosts	https://gitlab.com/intr0/iVOID.GitLab.io/raw/master/iVOID.hosts	LICENSE_UNKNOWN	unverified	0	unknown	0					2026-07-15	Fuente listada por Rethink en su grupo original Security. Las etiquetas y formatos se conservan como los publica el catálogo upstream.	iVoid (intr0)	Security	ThreatIntelligence	scams & phishing	hosts	https://gitlab.com/intr0/iVOID.GitLab.io/raw/master/iVOID.hosts	1	0
rdns_kadhosts_polishfiltersteam_4ecf75b5	rethink_threatintelligence	KADHosts (PolishFiltersTeam)	ThreatIntelligence		medium	domains	https://raw.githubusercontent.com/FiltersHeroes/KADhosts/master/KADomains.txt	LICENSE_UNKNOWN	unverified	0	unknown	0					2026-07-15	Fuente listada por Rethink en su grupo original Security. Las etiquetas y formatos se conservan como los publica el catálogo upstream.	KADHosts (PolishFiltersTeam)	Security	ThreatIntelligence	malware	domains	https://raw.githubusercontent.com/FiltersHeroes/KADhosts/master/KADomains.txt	1	0
rdns_latvian_list_56fe1b8b	rethink_catalog	Latvian List	serverless-dns/blocklists		medium	abp	https://notabug.org/latvian-list/adblock-latvian/raw/master/lists/latvian-list.txt	LICENSE_UNKNOWN	unverified	0	unknown	0					2026-07-15	Fuente listada por Rethink en su grupo original Privacy. Las etiquetas y formatos se conservan como los publica el catálogo upstream.	Latvian List	Privacy			abp	https://notabug.org/latvian-list/adblock-latvian/raw/master/lists/latvian-list.txt	1	0
rdns_league_of_legends_f2de00d1	rethink_services	League of Legends	Services		medium	domains	https://raw.githubusercontent.com/nextdns/services/main/services/leagueoflegends	LICENSE_UNKNOWN	unverified	0	unknown	0					2026-07-15	Fuente listada por Rethink en su grupo original ParentalControl. Las etiquetas y formatos se conservan como los publica el catálogo upstream.	League of Legends	ParentalControl	Services	gaming	domains	https://raw.githubusercontent.com/nextdns/services/main/services/leagueoflegends	1	0
rdns_liste_ar_4c75fd12	rethink_easylist	Liste AR	EasyList		medium	abp	https://easylist-downloads.adblockplus.org/Liste_AR.txt	LICENSE_UNKNOWN	unverified	0	unknown	0					2026-07-15	Fuente listada por Rethink en su grupo original Privacy. Las etiquetas y formatos se conservan como los publica el catálogo upstream.	Liste AR	Privacy	EasyList		abp	https://easylist-downloads.adblockplus.org/Liste_AR.txt	1	0
rdns_liste_fr_6c4e2335	rethink_easylist	Liste FR	EasyList		medium	abp	https://easylist-downloads.adblockplus.org/liste_fr.txt	LICENSE_UNKNOWN	unverified	0	unknown	0					2026-07-15	Fuente listada por Rethink en su grupo original Privacy. Las etiquetas y formatos se conservan como los publica el catálogo upstream.	Liste FR	Privacy	EasyList		abp	https://easylist-downloads.adblockplus.org/liste_fr.txt	1	0
rdns_mailtrail_malware_miroslav_stampar_4b5bd8ac	rethink_threatintelligence	Mailtrail Malware (Miroslav Stampar)	ThreatIntelligence		medium	domains	https://raw.githubusercontent.com/stamparm/aux/master/maltrail-malware-domains.txt	LICENSE_UNKNOWN	unverified	0	unknown	0					2026-07-15	Fuente listada por Rethink en su grupo original Security. Las etiquetas y formatos se conservan como los publica el catálogo upstream.	Mailtrail Malware (Miroslav Stampar)	Security	ThreatIntelligence	malware	domains	https://raw.githubusercontent.com/stamparm/aux/master/maltrail-malware-domains.txt	1	0
rdns_malicious_domains_cbuijs_8fb6613b	rethink_threatintelligence	Malicious domains (cbuijs)	ThreatIntelligence		medium	domains	https://raw.githubusercontent.com/cbuijs/accomplist/master/malicious-dom/plain.black.domain.list	LICENSE_UNKNOWN	unverified	0	unknown	0					2026-07-15	Fuente listada por Rethink en su grupo original Security. Las etiquetas y formatos se conservan como los publica el catálogo upstream.	Malicious domains (cbuijs)	Security	ThreatIntelligence	malware	domains	https://raw.githubusercontent.com/cbuijs/accomplist/master/malicious-dom/plain.black.domain.list	1	0
rdns_malicious_domains_sophos_labs_e9f06d32	rethink_sophos	Malicious domains (Sophos Labs)	Sophos		medium	domains	https://raw.githubusercontent.com/sophoslabs/covid-iocs/master/malicious_domains.txt	LICENSE_UNKNOWN	unverified	0	unknown	0					2026-07-15	Fuente listada por Rethink en su grupo original Security. Las etiquetas y formatos se conservan como los publica el catálogo upstream.	Malicious domains (Sophos Labs)	Security	Sophos	scams & phishing	domains	https://raw.githubusercontent.com/sophoslabs/covid-iocs/master/malicious_domains.txt	1	0
rdns_malvertising_disconnect_6dd7e4df	rethink_disconnect	Malvertising (Disconnect)	Disconnect		medium	domains	https://s3.amazonaws.com/lists.disconnect.me/simple_malvertising.txt	LICENSE_UNKNOWN	unverified	0	unknown	0					2026-07-15	Fuente listada por Rethink en su grupo original Privacy. Las etiquetas y formatos se conservan como los publica el catálogo upstream.	Malvertising (Disconnect)	Privacy	Disconnect	malware	domains	https://s3.amazonaws.com/lists.disconnect.me/simple_malvertising.txt	1	0
rdns_malware_dandelionsprout_a07c4b4f	rethink_threatintelligence	Malware (DandelionSprout)	ThreatIntelligence		medium	domains	https://raw.githubusercontent.com/DandelionSprout/adfilt/master/Alternate%20versions%20Anti-Malware%20List/AntiMalwareDomains.txt	LICENSE_UNKNOWN	unverified	0	unknown	0					2026-07-15	Fuente listada por Rethink en su grupo original Security. Las etiquetas y formatos se conservan como los publica el catálogo upstream.	Malware (DandelionSprout)	Security	ThreatIntelligence	malware	domains	https://raw.githubusercontent.com/DandelionSprout/adfilt/master/Alternate%20versions%20Anti-Malware%20List/AntiMalwareDomains.txt	1	0
rdns_malware_mitchell_krogza_a5c348d1	rethink_baddboyz	Malware (Mitchell Krogza)	BaddBoyz		medium	hosts	https://raw.githubusercontent.com/mitchellkrogza/The-Big-List-of-Hacked-Malware-Web-Sites/master/hosts	LICENSE_UNKNOWN	unverified	0	unknown	0					2026-07-15	Fuente listada por Rethink en su grupo original Security. Las etiquetas y formatos se conservan como los publica el catálogo upstream.	Malware (Mitchell Krogza)	Security	BaddBoyz	scams & phishing	hosts	https://raw.githubusercontent.com/mitchellkrogza/The-Big-List-of-Hacked-Malware-Web-Sites/master/hosts	1	0
rdns_malware_olbat_bce24679	rethink_catalog	Malware (Olbat)	serverless-dns/blocklists		medium	auto		LICENSE_UNKNOWN	unverified	0	unknown	0					2026-07-15	Fuente listada por Rethink en su grupo original Security. Las etiquetas y formatos se conservan como los publica el catálogo upstream.	Malware (Olbat)	Security		malware	domains,domains	https://raw.githubusercontent.com/olbat/ut1-blacklists/master/blacklists/malware/domains,https://raw.githubusercontent.com/scafroglia93/blocklists/master/blocklists-malware-traffic.txt	2	1
rdns_malware_rescure_rescure_me_cdf6e7e3	rethink_threatintelligence	Malware Rescure (rescure.me)	ThreatIntelligence		medium	domains	https://rescure.me/rescure_domain_blacklist.txt	LICENSE_UNKNOWN	unverified	0	unknown	0					2026-07-15	Fuente listada por Rethink en su grupo original Security. Las etiquetas y formatos se conservan como los publica el catálogo upstream.	Malware Rescure (rescure.me)	Security	ThreatIntelligence	malware	domains	https://rescure.me/rescure_domain_blacklist.txt	1	0
rdns_malware_rpi_e96b1f36	rethink_rpilist	Malware (RPi)	RPiList		medium	abp	https://raw.githubusercontent.com/RPiList/specials/master/Blocklisten/malware	LICENSE_UNKNOWN	unverified	0	unknown	0					2026-07-15	Fuente listada por Rethink en su grupo original Security. Las etiquetas y formatos se conservan como los publica el catálogo upstream.	Malware (RPi)	Security	RPiList	malware	abp	https://raw.githubusercontent.com/RPiList/specials/master/Blocklisten/malware	1	0
rdns_malware_urlhaus_abuse_ch_b6753a2a	rethink_threatintelligence	Malware (UrlHaus.Abuse.Ch)	ThreatIntelligence		medium	domains	https://malware-filter.gitlab.io/malware-filter/urlhaus-filter-dnscrypt-blocked-names.txt	LICENSE_UNKNOWN	unverified	0	unknown	0					2026-07-15	Fuente listada por Rethink en su grupo original Security. Las etiquetas y formatos se conservan como los publica el catálogo upstream.	Malware (UrlHaus.Abuse.Ch)	Security	ThreatIntelligence	malware	domains	https://malware-filter.gitlab.io/malware-filter/urlhaus-filter-dnscrypt-blocked-names.txt	1	0
rdns_messenger_b0e18feb	rethink_services	Messenger	Services		medium	domains	https://raw.githubusercontent.com/nextdns/services/main/services/messenger	LICENSE_UNKNOWN	unverified	0	unknown	0					2026-07-15	Fuente listada por Rethink en su grupo original ParentalControl. Las etiquetas y formatos se conservan como los publica el catálogo upstream.	Messenger	ParentalControl	Services	socialmedia	domains	https://raw.githubusercontent.com/nextdns/services/main/services/messenger	1	0
rdns_microsoft_afee5a43	rethink_services	Microsoft	Services		medium	auto		LICENSE_UNKNOWN	unverified	0	unknown	0					2026-07-15	Fuente listada por Rethink en su grupo original ParentalControl. Las etiquetas y formatos se conservan como los publica el catálogo upstream.	Microsoft	ParentalControl	Services	microsoft	domains,domains	https://raw.githubusercontent.com/ShadowWhisperer/BlockLists/master/Lists/Microsoft,https://raw.githubusercontent.com/jmdugan/blocklists/master/corporations/microsoft/all	2	1
rdns_netflix_86e8cc27	rethink_services	Netflix	Services		medium	domains	https://raw.githubusercontent.com/nextdns/services/main/services/netflix	LICENSE_UNKNOWN	unverified	0	unknown	0					2026-07-15	Fuente listada por Rethink en su grupo original ParentalControl. Las etiquetas y formatos se conservan como los publica el catálogo upstream.	Netflix	ParentalControl	Services	streams	domains	https://raw.githubusercontent.com/nextdns/services/main/services/netflix	1	0
rdns_no_facebook_f07d08c5	rethink_catalog	No Facebook	serverless-dns/blocklists		medium	hosts	https://raw.githubusercontent.com/jmdugan/blocklists/master/corporations/facebook/all	LICENSE_UNKNOWN	unverified	0	unknown	0					2026-07-15	Fuente listada por Rethink en su grupo original Privacy. Las etiquetas y formatos se conservan como los publica el catálogo upstream.	No Facebook	Privacy		facebook	hosts	https://raw.githubusercontent.com/jmdugan/blocklists/master/corporations/facebook/all	1	0
rdns_no_google_7d2cbda1	rethink_catalog	No Google	serverless-dns/blocklists		medium	auto		LICENSE_UNKNOWN	unverified	0	unknown	0					2026-07-15	Fuente listada por Rethink en su grupo original Privacy. Las etiquetas y formatos se conservan como los publica el catálogo upstream.	No Google	Privacy		google	domains,domains	https://raw.githubusercontent.com/nickspaargaren/no-google/master/wildcards-domains,https://raw.githubusercontent.com/cbuijs/accomplist/master/chris/google-doms.list	2	1
rdns_nocoin_hoshsadiq_shadowwhisperer_olbat_25829f61	rethink_cryptojacking	NoCoin (hoshsadiq + ShadowWhisperer + Olbat)	Cryptojacking		medium	auto		LICENSE_UNKNOWN	unverified	0	unknown	0					2026-07-15	Fuente listada por Rethink en su grupo original Security. Las etiquetas y formatos se conservan como los publica el catálogo upstream.	NoCoin (hoshsadiq + ShadowWhisperer + Olbat)	Security	Cryptojacking	crypto	hosts,domains,domains,domains	https://raw.githubusercontent.com/hoshsadiq/adblock-nocoin-list/master/hosts.txt,https://raw.githubusercontent.com/ShadowWhisperer/BlockLists/master/Lists/Cryptocurrency,https://raw.githubusercontent.com/olbat/ut1-blacklists/master/blacklists/cryptojacking/domains,https://v.firebog.net/hosts/Prigent-Crypto.txt	4	1
rdns_notrack_annoyance_4d82a58e	rethink_quidsup	NoTrack Annoyance	Quidsup		medium	domains	https://gitlab.com/quidsup/notrack-annoyance-blocklist/-/raw/master/annoyance.list	LICENSE_UNKNOWN	unverified	0	unknown	0					2026-07-15	Fuente listada por Rethink en su grupo original Security. Las etiquetas y formatos se conservan como los publica el catálogo upstream.	NoTrack Annoyance	Security	Quidsup	spam	domains	https://gitlab.com/quidsup/notrack-annoyance-blocklist/-/raw/master/annoyance.list	1	0
rdns_notrack_blocklist_21d3dd02	rethink_quidsup	NoTrack Blocklist	Quidsup		medium	domains	https://gitlab.com/quidsup/notrack-blocklists/-/raw/master/trackers.list	LICENSE_UNKNOWN	unverified	0	unknown	0					2026-07-15	Fuente listada por Rethink en su grupo original Privacy. Las etiquetas y formatos se conservan como los publica el catálogo upstream.	NoTrack Blocklist	Privacy	Quidsup	aggressiveprivacy,spyware	domains	https://gitlab.com/quidsup/notrack-blocklists/-/raw/master/trackers.list	1	0
rdns_notrack_malware_be11524e	rethink_quidsup	NoTrack Malware	Quidsup		medium	domains	https://gitlab.com/quidsup/notrack-blocklists/-/raw/master/malware.list	LICENSE_UNKNOWN	unverified	0	unknown	0					2026-07-15	Fuente listada por Rethink en su grupo original Security. Las etiquetas y formatos se conservan como los publica el catálogo upstream.	NoTrack Malware	Security	Quidsup	malware	domains	https://gitlab.com/quidsup/notrack-blocklists/-/raw/master/malware.list	1	0
rdns_nsfl_shadowwhisperer_ea0fee81	rethink_shadowwhisperer	NSFL (ShadowWhisperer)	ShadowWhisperer		medium	domains	https://raw.githubusercontent.com/ShadowWhisperer/BlockLists/master/Lists/Shock	LICENSE_UNKNOWN	unverified	0	unknown	0					2026-07-15	Fuente listada por Rethink en su grupo original ParentalControl. Las etiquetas y formatos se conservan como los publica el catálogo upstream.	NSFL (ShadowWhisperer)	ParentalControl	ShadowWhisperer	adult	domains	https://raw.githubusercontent.com/ShadowWhisperer/BlockLists/master/Lists/Shock	1	0
rdns_nso_others_amnesty_fa0d9a6c	rethink_amnesty	NSO + Others (Amnesty)	Amnesty		medium	auto		LICENSE_UNKNOWN	unverified	0	unknown	0					2026-07-15	Fuente listada por Rethink en su grupo original Security. Las etiquetas y formatos se conservan como los publica el catálogo upstream.	NSO + Others (Amnesty)	Security	Amnesty	spyware,malware	domains,domains,domains,hosts,domains,domains,domains,domains	https://raw.githubusercontent.com/AmnestyTech/investigations/master/2021-07-18_nso/domains.txt,https://raw.githubusercontent.com/AmnestyTech/investigations/master/2021-10-07_donot/domains.txt,https://raw.githubusercontent.com/AmnestyTech/investigations/master/2021-12-16_cytrox/domains.txt,https://raw.githubusercontent.com/cbuijs/accomplist/master/autodiscover/plain.black.domain.level-1.list,https://raw.githubusercontent.com/scafroglia93/blocklists/master/blocklists-kaspersky.txt,https://raw.githubusercontent.com/scafroglia93/blocklists/master/blocklists-zscaler.txt,https://raw.githubusercontent.com/scafroglia93/blocklists/master/blocklists-cyble.txt,https://raw.githubusercontent.com/fmhy/FMHYFilterlist/main/filterlist-domains.txt	8	1
rdns_oisd_big_be1dbdbe	rethink_oisd	OISD (big)	OISD		medium	auto	https://raw.githubusercontent.com/sjhgvr/oisd/main/domainswild_big.txt	LICENSE_UNKNOWN	unverified	1	unknown	0					2026-07-15	Fuente listada por Rethink en su grupo original Privacy. Las etiquetas y formatos se conservan como los publica el catálogo upstream.	OISD (big)	Privacy	OISD	recommended,liteprivacy	wildcard	https://raw.githubusercontent.com/sjhgvr/oisd/main/domainswild_big.txt	1	0
rdns_oisd_nsfw_adult_cbf57916	rethink_oisd	OISD NSFW (Adult)	OISD		medium	auto	https://raw.githubusercontent.com/sjhgvr/oisd/main/domainswild_nsfw.txt	LICENSE_UNKNOWN	unverified	0	unknown	0					2026-07-15	Fuente listada por Rethink en su grupo original ParentalControl. Las etiquetas y formatos se conservan como los publica el catálogo upstream.	OISD NSFW (Adult)	ParentalControl	OISD	adult	wildcard	https://raw.githubusercontent.com/sjhgvr/oisd/main/domainswild_nsfw.txt	1	0
rdns_persian_blocker_92274e7a	rethink_catalog	Persian Blocker	serverless-dns/blocklists		medium	domains	https://raw.githubusercontent.com/MasterKia/PersianBlocker/main/PersianBlockerHosts.txt	LICENSE_UNKNOWN	unverified	0	unknown	0					2026-07-15	Fuente listada por Rethink en su grupo original Privacy. Las etiquetas y formatos se conservan como los publica el catálogo upstream.	Persian Blocker	Privacy		extremeprivacy	domains	https://raw.githubusercontent.com/MasterKia/PersianBlocker/main/PersianBlockerHosts.txt	1	0
rdns_personal_blocklist_wally3k_6b33d0db	rethink_catalog	Personal Blocklist (WaLLy3K)	serverless-dns/blocklists		medium	domains	https://v.firebog.net/hosts/static/w3kbl.txt	LICENSE_UNKNOWN	unverified	0	unknown	0					2026-07-15	Fuente listada por Rethink en su grupo original Privacy. Las etiquetas y formatos se conservan como los publica el catálogo upstream.	Personal Blocklist (WaLLy3K)	Privacy			domains	https://v.firebog.net/hosts/static/w3kbl.txt	1	0
rdns_peter_lowe_c408c912	rethink_catalog	Peter Lowe	serverless-dns/blocklists		medium	domains	https://pgl.yoyo.org/as/serverlist.php?hostformat=domains&mimetype=plaintext	LICENSE_UNKNOWN	unverified	0	unknown	0					2026-07-15	Fuente listada por Rethink en su grupo original Privacy. Las etiquetas y formatos se conservan como los publica el catálogo upstream.	Peter Lowe	Privacy		liteprivacy	domains	https://pgl.yoyo.org/as/serverlist.php?hostformat=domains&mimetype=plaintext	1	0
rdns_phishing_army_f88b3c9c	rethink_threatintelligence	Phishing.Army	ThreatIntelligence		medium	domains	https://phishing.army/download/phishing_army_blocklist.txt	LICENSE_UNKNOWN	unverified	0	unknown	0					2026-07-15	Fuente listada por Rethink en su grupo original Security. Las etiquetas y formatos se conservan como los publica el catálogo upstream.	Phishing.Army	Security	ThreatIntelligence	scams & phishing	domains	https://phishing.army/download/phishing_army_blocklist.txt	1	0
rdns_phishing_olbat_e7386079	rethink_catalog	Phishing (Olbat)	serverless-dns/blocklists		medium	domains	https://raw.githubusercontent.com/olbat/ut1-blacklists/master/blacklists/phishing/domains	LICENSE_UNKNOWN	unverified	0	unknown	0					2026-07-15	Fuente listada por Rethink en su grupo original Security. Las etiquetas y formatos se conservan como los publica el catálogo upstream.	Phishing (Olbat)	Security		scams & phishing	domains	https://raw.githubusercontent.com/olbat/ut1-blacklists/master/blacklists/phishing/domains	1	0
rdns_pinterest_70686fe8	rethink_services	Pinterest	Services		medium	auto		LICENSE_UNKNOWN	unverified	0	unknown	0					2026-07-15	Fuente listada por Rethink en su grupo original ParentalControl. Las etiquetas y formatos se conservan como los publica el catálogo upstream.	Pinterest	ParentalControl	Services	socialmedia	domains,domains	https://raw.githubusercontent.com/jmdugan/blocklists/master/corporations/pinterest/all,https://raw.githubusercontent.com/nextdns/services/main/services/pinterest	2	1
rdns_piracy_the_block_list_project_b06ff02e	rethink_the_block_list_project	Piracy (The Block List Project)	The Block List Project		medium	domains	https://blocklistproject.github.io/Lists/alt-version/piracy-nl.txt	LICENSE_UNKNOWN	unverified	0	unknown	0					2026-07-15	Fuente listada por Rethink en su grupo original ParentalControl. Las etiquetas y formatos se conservan como los publica el catálogo upstream.	Piracy (The Block List Project)	ParentalControl	The Block List Project	piracy,file-hosts	domains	https://blocklistproject.github.io/Lists/alt-version/piracy-nl.txt	1	0
rdns_polish_filters_certyficate_it_b5fc1f25	rethink_catalog	Polish filters (Certyficate.IT)	serverless-dns/blocklists		medium	hosts	https://raw.githubusercontent.com/MajkiIT/polish-ads-filter/master/polish-pihole-filters/hostfile.txt	LICENSE_UNKNOWN	unverified	0	unknown	0					2026-07-15	Fuente listada por Rethink en su grupo original Privacy. Las etiquetas y formatos se conservan como los publica el catálogo upstream.	Polish filters (Certyficate.IT)	Privacy			hosts	https://raw.githubusercontent.com/MajkiIT/polish-ads-filter/master/polish-pihole-filters/hostfile.txt	1	0
rdns_prevent_bypass_2b209476	rethink_bypassmethods	Prevent bypass	BypassMethods		medium	auto		LICENSE_UNKNOWN	unverified	0	unknown	0					2026-07-15	Fuente listada por Rethink en su grupo original ParentalControl. Las etiquetas y formatos se conservan como los publica el catálogo upstream.	Prevent bypass	ParentalControl	BypassMethods	vpn & proxies	wildcard,domains	https://raw.githubusercontent.com/hagezi/dns-blocklists/main/wildcard/doh-vpn-proxy-bypass.txt,https://raw.githubusercontent.com/cbuijs/accomplist/master/doh/deugniets.black.list	2	1
rdns_proxies_dd924206	rethink_rpilist	Proxies	RPiList		medium	auto		LICENSE_UNKNOWN	unverified	0	unknown	0					2026-07-15	Fuente listada por Rethink en su grupo original ParentalControl. Las etiquetas y formatos se conservan como los publica el catálogo upstream.	Proxies	ParentalControl	RPiList	vpn & proxies,piracy	domains,domains	https://raw.githubusercontent.com/nextdns/piracy-blocklists/master/proxies,https://raw.githubusercontent.com/RPiList/specials/master/Blocklisten/proxies	2	1
rdns_ransomware_the_block_list_project_3f87e005	rethink_the_block_list_project	Ransomware (The Block List Project)	The Block List Project		medium	domains	https://blocklistproject.github.io/Lists/alt-version/ransomware-nl.txt	LICENSE_UNKNOWN	unverified	0	unknown	0					2026-07-15	Fuente listada por Rethink en su grupo original Security. Las etiquetas y formatos se conservan como los publica el catálogo upstream.	Ransomware (The Block List Project)	Security	The Block List Project	scams & phishing	domains	https://blocklistproject.github.io/Lists/alt-version/ransomware-nl.txt	1	0
rdns_red_flag_domains_ea1f930b	rethink_threatintelligence	Red Flag Domains	ThreatIntelligence		medium	domains	https://dl.red.flag.domains/red.flag.domains.txt	LICENSE_UNKNOWN	unverified	0	unknown	0					2026-07-15	Fuente listada por Rethink en su grupo original Security. Las etiquetas y formatos se conservan como los publica el catálogo upstream.	Red Flag Domains	Security	ThreatIntelligence	scams & phishing,spam,malware	domains	https://dl.red.flag.domains/red.flag.domains.txt	1	0
rdns_reddit_0cf45b3d	rethink_services	Reddit	Services		medium	domains	https://raw.githubusercontent.com/nextdns/services/main/services/reddit	LICENSE_UNKNOWN	unverified	0	unknown	0					2026-07-15	Fuente listada por Rethink en su grupo original ParentalControl. Las etiquetas y formatos se conservan como los publica el catálogo upstream.	Reddit	ParentalControl	Services	socialmedia,vanity	domains	https://raw.githubusercontent.com/nextdns/services/main/services/reddit	1	0
rdns_roblox_33d4c37e	rethink_services	Roblox	Services		medium	domains	https://raw.githubusercontent.com/nextdns/services/main/services/roblox	LICENSE_UNKNOWN	unverified	0	unknown	0					2026-07-15	Fuente listada por Rethink en su grupo original ParentalControl. Las etiquetas y formatos se conservan como los publica el catálogo upstream.	Roblox	ParentalControl	Services	gaming	domains	https://raw.githubusercontent.com/nextdns/services/main/services/roblox	1	0
rdns_roku_c68eed33	rethink_nativetracking	Roku	NativeTracking		medium	domains	https://raw.githubusercontent.com/nextdns/native-tracking-domains/main/domains/roku	LICENSE_UNKNOWN	unverified	0	unknown	0					2026-07-15	Fuente listada por Rethink en su grupo original Privacy. Las etiquetas y formatos se conservan como los publica el catálogo upstream.	Roku	Privacy	NativeTracking	streams	domains	https://raw.githubusercontent.com/nextdns/native-tracking-domains/main/domains/roku	1	0
rdns_ru_adlist_a149947d	rethink_easylist	RU AdList	EasyList		medium	abp	https://easylist-downloads.adblockplus.org/advblock.txt	LICENSE_UNKNOWN	unverified	0	unknown	0					2026-07-15	Fuente listada por Rethink en su grupo original Privacy. Las etiquetas y formatos se conservan como los publica el catálogo upstream.	RU AdList	Privacy	EasyList	extremeprivacy	abp	https://easylist-downloads.adblockplus.org/advblock.txt	1	0
rdns_safe_search_only_59465e18	rethink_safesearch	Safe Search Only	SafeSearch		medium	domains	https://raw.githubusercontent.com/nextdns/no-safesearch/main/domains	LICENSE_UNKNOWN	unverified	0	unknown	0					2026-07-15	Fuente listada por Rethink en su grupo original ParentalControl. Las etiquetas y formatos se conservan como los publica el catálogo upstream.	Safe Search Only	ParentalControl	SafeSearch		domains	https://raw.githubusercontent.com/nextdns/no-safesearch/main/domains	1	0
rdns_samsung_0bff1359	rethink_nativetracking	Samsung	NativeTracking		medium	domains	https://raw.githubusercontent.com/nextdns/native-tracking-domains/main/domains/samsung	LICENSE_UNKNOWN	unverified	0	unknown	0					2026-07-15	Fuente listada por Rethink en su grupo original Privacy. Las etiquetas y formatos se conservan como los publica el catálogo upstream.	Samsung	Privacy	NativeTracking		domains	https://raw.githubusercontent.com/nextdns/native-tracking-domains/main/domains/samsung	1	0
rdns_scams_and_phishing_infinitytec_tblp_df68a08f	rethink_threatintelligence	Scams and Phishing (infinitytec + TBLP)	ThreatIntelligence		medium	auto		LICENSE_UNKNOWN	unverified	0	unknown	0					2026-07-15	Fuente listada por Rethink en su grupo original Security. Las etiquetas y formatos se conservan como los publica el catálogo upstream.	Scams and Phishing (infinitytec + TBLP)	Security	ThreatIntelligence	scams & phishing	domains,domains	https://raw.githubusercontent.com/infinitytec/blocklists/master/scams-and-phishing.txt,https://blocklistproject.github.io/Lists/alt-version/scam-nl.txt	2	1
rdns_scamware_3d7fe58e	rethink_shadowwhisperer	Scamware	ShadowWhisperer		medium	auto		LICENSE_UNKNOWN	unverified	0	unknown	0					2026-07-15	Fuente listada por Rethink en su grupo original Security. Las etiquetas y formatos se conservan como los publica el catálogo upstream.	Scamware	Security	ShadowWhisperer	scams & phishing	domains,domains	https://raw.githubusercontent.com/sophoslabs/covid-iocs/master/malware_domains.txt,https://raw.githubusercontent.com/ShadowWhisperer/BlockLists/master/Lists/Scam	2	1
rdns_scamware_rpi_b7a61ffa	rethink_rpilist	Scamware (RPi)	RPiList		medium	auto		LICENSE_UNKNOWN	unverified	0	unknown	0					2026-07-15	Fuente listada por Rethink en su grupo original Security. Las etiquetas y formatos se conservan como los publica el catálogo upstream.	Scamware (RPi)	Security	RPiList	scams & phishing	abp,abp	https://raw.githubusercontent.com/RPiList/specials/master/Blocklisten/Corona-Blocklist,https://raw.githubusercontent.com/RPiList/specials/master/Blocklisten/Fake-Science	2	1
rdns_security_stevenblack_cc206a69	rethink_stevenblack	Security (StevenBlack)	StevenBlack		medium	hosts	https://raw.githubusercontent.com/StevenBlack/hosts/master/data/add.Risk/hosts	LICENSE_UNKNOWN	unverified	0	unknown	0					2026-07-15	Fuente listada por Rethink en su grupo original Security. Las etiquetas y formatos se conservan como los publica el catálogo upstream.	Security (StevenBlack)	Security	StevenBlack	malware	hosts	https://raw.githubusercontent.com/StevenBlack/hosts/master/data/add.Risk/hosts	1	0
rdns_skype_72952b4f	rethink_services	Skype	Services		medium	domains	https://raw.githubusercontent.com/nextdns/services/main/services/skype	LICENSE_UNKNOWN	unverified	0	unknown	0					2026-07-15	Fuente listada por Rethink en su grupo original ParentalControl. Las etiquetas y formatos se conservan como los publica el catálogo upstream.	Skype	ParentalControl	Services	socialmedia	domains	https://raw.githubusercontent.com/nextdns/services/main/services/skype	1	0
rdns_smart_tv_blocklist_perflyst_ece8f825	rethink_catalog	Smart TV Blocklist (Perflyst)	serverless-dns/blocklists		medium	domains	https://raw.githubusercontent.com/Perflyst/PiHoleBlocklist/master/SmartTV.txt	LICENSE_UNKNOWN	unverified	0	unknown	0					2026-07-15	Fuente listada por Rethink en su grupo original Privacy. Las etiquetas y formatos se conservan como los publica el catálogo upstream.	Smart TV Blocklist (Perflyst)	Privacy		extremeprivacy,smart-tv	domains	https://raw.githubusercontent.com/Perflyst/PiHoleBlocklist/master/SmartTV.txt	1	0
rdns_snapchat_32fb8cb1	rethink_services	Snapchat	Services		medium	domains	https://raw.githubusercontent.com/nextdns/services/main/services/snapchat	LICENSE_UNKNOWN	unverified	0	unknown	0					2026-07-15	Fuente listada por Rethink en su grupo original ParentalControl. Las etiquetas y formatos se conservan como los publica el catálogo upstream.	Snapchat	ParentalControl	Services	socialmedia	domains	https://raw.githubusercontent.com/nextdns/services/main/services/snapchat	1	0
rdns_social_networks_olbat_ce7ac593	rethink_olbat	Social networks (Olbat)	Olbat		medium	domains	https://raw.githubusercontent.com/olbat/ut1-blacklists/master/blacklists/social_networks/domains	LICENSE_UNKNOWN	unverified	0	unknown	0					2026-07-15	Fuente listada por Rethink en su grupo original ParentalControl. Las etiquetas y formatos se conservan como los publica el catálogo upstream.	Social networks (Olbat)	ParentalControl	Olbat	socialmedia	domains	https://raw.githubusercontent.com/olbat/ut1-blacklists/master/blacklists/social_networks/domains	1	0
rdns_someonewhocares_org_dan_pollock_a7ea14db	rethink_catalog	someonewhocares.org (Dan Pollock)	serverless-dns/blocklists		medium	hosts	https://someonewhocares.org/hosts/zero/hosts	LICENSE_UNKNOWN	unverified	0	unknown	0					2026-07-15	Fuente listada por Rethink en su grupo original Privacy. Las etiquetas y formatos se conservan como los publica el catálogo upstream.	someonewhocares.org (Dan Pollock)	Privacy		liteprivacy	hosts	https://someonewhocares.org/hosts/zero/hosts	1	0
rdns_sonos_7b0e7bb8	rethink_nativetracking	Sonos	NativeTracking		medium	domains	https://raw.githubusercontent.com/nextdns/native-tracking-domains/main/domains/sonos	LICENSE_UNKNOWN	unverified	0	unknown	0					2026-07-15	Fuente listada por Rethink en su grupo original Privacy. Las etiquetas y formatos se conservan como los publica el catálogo upstream.	Sonos	Privacy	NativeTracking		domains	https://raw.githubusercontent.com/nextdns/native-tracking-domains/main/domains/sonos	1	0
rdns_spam404_f79630d6	rethink_threatintelligence	Spam404	ThreatIntelligence		medium	auto		LICENSE_UNKNOWN	unverified	0	unknown	0					2026-07-15	Fuente listada por Rethink en su grupo original Security. Las etiquetas y formatos se conservan como los publica el catálogo upstream.	Spam404	Security	ThreatIntelligence	spam	domains,hosts	https://raw.githubusercontent.com/Spam404/lists/master/main-blacklist.txt,https://raw.githubusercontent.com/FadeMind/hosts.extras/master/add.Spam/hosts	2	1
rdns_spotify_3fcd4e90	rethink_services	Spotify	Services		medium	domains	https://raw.githubusercontent.com/nextdns/services/main/services/spotify	LICENSE_UNKNOWN	unverified	0	unknown	0					2026-07-15	Fuente listada por Rethink en su grupo original ParentalControl. Las etiquetas y formatos se conservan como los publica el catálogo upstream.	Spotify	ParentalControl	Services	shopping	domains	https://raw.githubusercontent.com/nextdns/services/main/services/spotify	1	0
rdns_steam_c8609507	rethink_services	Steam	Services		medium	domains	https://raw.githubusercontent.com/nextdns/services/main/services/steam	LICENSE_UNKNOWN	unverified	0	unknown	0					2026-07-15	Fuente listada por Rethink en su grupo original ParentalControl. Las etiquetas y formatos se conservan como los publica el catálogo upstream.	Steam	ParentalControl	Services	gaming	domains	https://raw.githubusercontent.com/nextdns/services/main/services/steam	1	0
rdns_streaming_audio_f5ec47c0	rethink_services	Streaming Audio	Services		medium	auto		LICENSE_UNKNOWN	unverified	0	unknown	0					2026-07-15	Fuente listada por Rethink en su grupo original ParentalControl. Las etiquetas y formatos se conservan como los publica el catálogo upstream.	Streaming Audio	ParentalControl	Services	streams	domains,domains,domains,domains,domains,domains	https://raw.githubusercontent.com/nextdns/piracy-blocklists/master/streaming-audio,https://raw.githubusercontent.com/RPiList/specials/master/Internet%20Services/Deezer,https://raw.githubusercontent.com/RPiList/specials/master/Internet%20Services/Apple-Music,https://raw.githubusercontent.com/RPiList/specials/master/Internet%20Services/Tidal,https://raw.githubusercontent.com/RPiList/specials/master/Internet%20Services/SoundCloud,https://raw.githubusercontent.com/RPiList/specials/master/Internet%20Services/DAZN	6	1
rdns_streaming_video_051fe920	rethink_rpilist	Streaming Video	RPiList		medium	auto		LICENSE_UNKNOWN	unverified	0	unknown	0					2026-07-15	Fuente listada por Rethink en su grupo original ParentalControl. Las etiquetas y formatos se conservan como los publica el catálogo upstream.	Streaming Video	ParentalControl	RPiList	streams	domains,abp,domains,domains	https://raw.githubusercontent.com/nextdns/piracy-blocklists/master/streaming-video,https://raw.githubusercontent.com/RPiList/specials/master/Blocklisten/Streaming,https://raw.githubusercontent.com/nickspaargaren/no-amazon/master/categories/amazonvideoparsed,https://raw.githubusercontent.com/nextdns/services/main/services/hbomax	4	1
rdns_telegram_8b81f6cc	rethink_services	Telegram	Services		medium	domains	https://raw.githubusercontent.com/nextdns/services/main/services/telegram	LICENSE_UNKNOWN	unverified	0	unknown	0					2026-07-15	Fuente listada por Rethink en su grupo original ParentalControl. Las etiquetas y formatos se conservan como los publica el catálogo upstream.	Telegram	ParentalControl	Services	socialmedia	domains	https://raw.githubusercontent.com/nextdns/services/main/services/telegram	1	0
rdns_the_quantum_blocklist_ai_196f95c5	rethink_catalog	The Quantum Blocklist (AI)	serverless-dns/blocklists		medium	domains	https://raw.githubusercontent.com/cbuijs/accomplist/master/quantum/plain.black.domain.list	LICENSE_UNKNOWN	unverified	0	unknown	0					2026-07-15	Fuente listada por Rethink en su grupo original Privacy. Las etiquetas y formatos se conservan como los publica el catálogo upstream.	The Quantum Blocklist (AI)	Privacy		ignore	domains	https://raw.githubusercontent.com/cbuijs/accomplist/master/quantum/plain.black.domain.list	1	0
rdns_threats_and_iocs_7408d3fd	rethink_threatintelligence	Threats and IoCs	ThreatIntelligence		medium	auto		LICENSE_UNKNOWN	unverified	0	unknown	0					2026-07-15	Fuente listada por Rethink en su grupo original Security. Las etiquetas y formatos se conservan como los publica el catálogo upstream.	Threats and IoCs	Security	ThreatIntelligence	scams & phishing,vanity	domains,domains,hosts,hosts,domains,hosts,domains,domains,domains,domains,domains,domains,domains	https://www.botvrij.eu/data/ioclist.domain.raw,https://www.botvrij.eu/data/ioclist.hostname.raw,https://threatfox.abuse.ch/downloads/hostfile,https://raw.githubusercontent.com/MetaMask/eth-phishing-detect/master/src/hosts.txt,https://raw.githubusercontent.com/HexxiumCreations/threat-list/gh-pages/domainsonly,https://raw.githubusercontent.com/bigdargon/hostsVN/master/extensions/threat/hosts,https://raw.githubusercontent.com/scafroglia93/blocklists/master/blocklists-certagid.txt,https://raw.githubusercontent.com/scafroglia93/blocklists/master/blocklists-csirt.txt,https://raw.githubusercontent.com/scafroglia93/blocklists/master/blocklists-orangecyber.txt,https://raw.githubusercontent.com/scafroglia93/blocklists/master/blocklists-sentinelone.txt,https://raw.githubusercontent.com/scafroglia93/blocklists/master/blocklists-unit42-silverterrier.txt,https://raw.githubusercontent.com/scafroglia93/blocklists/master/blocklists-unit42-playbook.txt,https://raw.githubusercontent.com/hpthreatresearch/iocs/main/CryptBot/domains.txt	13	1
rdns_threats_osint_digitalside_it_d7db5946	rethink_threatintelligence	Threats (osint.digitalside.it)	ThreatIntelligence		medium	domains	https://osint.digitalside.it/Threat-Intel/lists/latestdomains.txt	LICENSE_UNKNOWN	unverified	0	unknown	0					2026-07-15	Fuente listada por Rethink en su grupo original Security. Las etiquetas y formatos se conservan como los publica el catálogo upstream.	Threats (osint.digitalside.it)	Security	ThreatIntelligence	malware	domains	https://osint.digitalside.it/Threat-Intel/lists/latestdomains.txt	1	0
rdns_tiktok_a55b4e64	rethink_services	Tiktok	Services		medium	auto		LICENSE_UNKNOWN	unverified	0	unknown	0					2026-07-15	Fuente listada por Rethink en su grupo original ParentalControl. Las etiquetas y formatos se conservan como los publica el catálogo upstream.	Tiktok	ParentalControl	Services	tiktok,socialmedia	domains,domains	https://raw.githubusercontent.com/nextdns/services/main/services/tiktok,https://blocklistproject.github.io/Lists/alt-version/tiktok-nl.txt	2	1
rdns_tinder_e13f8530	rethink_services	Tinder	Services		medium	domains	https://raw.githubusercontent.com/nextdns/services/main/services/tinder	LICENSE_UNKNOWN	unverified	0	unknown	0					2026-07-15	Fuente listada por Rethink en su grupo original ParentalControl. Las etiquetas y formatos se conservan como los publica el catálogo upstream.	Tinder	ParentalControl	Services	socialmedia,dating	domains	https://raw.githubusercontent.com/nextdns/services/main/services/tinder	1	0
rdns_tiny_china_block_list_replenish_4b96ff38	rethink_catalog	Tiny China Block List Replenish	serverless-dns/blocklists		medium	auto		LICENSE_UNKNOWN	unverified	0	unknown	0					2026-07-15	Fuente listada por Rethink en su grupo original Privacy. Las etiquetas y formatos se conservan como los publica el catálogo upstream.	Tiny China Block List Replenish	Privacy		liteprivacy,gambling	domains,domains	https://raw.githubusercontent.com/tim-hub/tiny-cn-blocklist-replenish/master/common.txt,https://raw.githubusercontent.com/tim-hub/tiny-cn-blocklist-replenish/master/others.txt	2	1
rdns_tiuxo_ads_12227e67	rethink_tiuxo	Tiuxo (ads)	Tiuxo		medium	hosts	https://raw.githubusercontent.com/tiuxo/hosts/master/ads	LICENSE_UNKNOWN	unverified	1	unknown	0					2026-07-15	Fuente listada por Rethink en su grupo original Privacy. Las etiquetas y formatos se conservan como los publica el catálogo upstream.	Tiuxo (ads)	Privacy	Tiuxo	recommended,liteprivacy	hosts	https://raw.githubusercontent.com/tiuxo/hosts/master/ads	1	0
rdns_torrent_clients_40f99acd	rethink_piracy	Torrent Clients	Piracy		medium	domains	https://raw.githubusercontent.com/nextdns/piracy-blocklists/master/torrent-clients	LICENSE_UNKNOWN	unverified	0	unknown	0					2026-07-15	Fuente listada por Rethink en su grupo original ParentalControl. Las etiquetas y formatos se conservan como los publica el catálogo upstream.	Torrent Clients	ParentalControl	Piracy	torrents,piracy	domains	https://raw.githubusercontent.com/nextdns/piracy-blocklists/master/torrent-clients	1	0
rdns_torrent_the_block_list_project_9ba3da07	rethink_the_block_list_project	Torrent (The Block List Project)	The Block List Project		medium	domains	https://blocklistproject.github.io/Lists/alt-version/torrent-nl.txt	LICENSE_UNKNOWN	unverified	0	unknown	0					2026-07-15	Fuente listada por Rethink en su grupo original ParentalControl. Las etiquetas y formatos se conservan como los publica el catálogo upstream.	Torrent (The Block List Project)	ParentalControl	The Block List Project	torrents,piracy	domains	https://blocklistproject.github.io/Lists/alt-version/torrent-nl.txt	1	0
rdns_torrent_trackers_48a6d5fd	rethink_piracy	Torrent Trackers	Piracy		medium	domains	https://raw.githubusercontent.com/nextdns/piracy-blocklists/master/torrent-trackers	LICENSE_UNKNOWN	unverified	0	unknown	0					2026-07-15	Fuente listada por Rethink en su grupo original ParentalControl. Las etiquetas y formatos se conservan como los publica el catálogo upstream.	Torrent Trackers	ParentalControl	Piracy	torrents,piracy	domains	https://raw.githubusercontent.com/nextdns/piracy-blocklists/master/torrent-trackers	1	0
rdns_torrent_websites_5e84c303	rethink_piracy	Torrent Websites	Piracy		medium	domains	https://raw.githubusercontent.com/nextdns/piracy-blocklists/master/torrent-websites	LICENSE_UNKNOWN	unverified	0	unknown	0					2026-07-15	Fuente listada por Rethink en su grupo original ParentalControl. Las etiquetas y formatos se conservan como los publica el catálogo upstream.	Torrent Websites	ParentalControl	Piracy	torrents,piracy	domains	https://raw.githubusercontent.com/nextdns/piracy-blocklists/master/torrent-websites	1	0
rdns_torrents_dht_nodes_206b5f97	rethink_piracy	Torrents (DHT nodes)	Piracy		medium	domains	https://raw.githubusercontent.com/nextdns/piracy-blocklists/master/dht-bootstrap-nodes	LICENSE_UNKNOWN	unverified	0	unknown	0					2026-07-15	Fuente listada por Rethink en su grupo original ParentalControl. Las etiquetas y formatos se conservan como los publica el catálogo upstream.	Torrents (DHT nodes)	ParentalControl	Piracy	torrents,file-hosts,piracy	domains	https://raw.githubusercontent.com/nextdns/piracy-blocklists/master/dht-bootstrap-nodes	1	0
rdns_toxic_stopforumspam_pupfilter_7e13c20a	rethink_threatintelligence	Toxic (StopForumSpam + PupFilter)	ThreatIntelligence		medium	auto		LICENSE_UNKNOWN	unverified	0	unknown	0					2026-07-15	Fuente listada por Rethink en su grupo original Security. Las etiquetas y formatos se conservan como los publica el catálogo upstream.	Toxic (StopForumSpam + PupFilter)	Security	ThreatIntelligence	spam	domains,domains	https://www.stopforumspam.com/downloads/toxic_domains_whole.txt,https://malware-filter.gitlab.io/malware-filter/pup-filter-domains.txt	2	1
rdns_tracking_aggressive_lightswitch05_d251297f	rethink_lighswitch05	Tracking Aggressive (Lightswitch05)	Lighswitch05		medium	hosts	https://www.github.developerdan.com/hosts/lists/tracking-aggressive-extended.txt	LICENSE_UNKNOWN	unverified	0	unknown	0					2026-07-15	Fuente listada por Rethink en su grupo original Privacy. Las etiquetas y formatos se conservan como los publica el catálogo upstream.	Tracking Aggressive (Lightswitch05)	Privacy	Lighswitch05	extremeprivacy	hosts	https://www.github.developerdan.com/hosts/lists/tracking-aggressive-extended.txt	1	0
rdns_tracking_disconnect_68217426	rethink_disconnect	Tracking (Disconnect)	Disconnect		medium	domains	https://s3.amazonaws.com/lists.disconnect.me/simple_tracking.txt	LICENSE_UNKNOWN	unverified	0	unknown	0					2026-07-15	Fuente listada por Rethink en su grupo original Privacy. Las etiquetas y formatos se conservan como los publica el catálogo upstream.	Tracking (Disconnect)	Privacy	Disconnect	spyware	domains	https://s3.amazonaws.com/lists.disconnect.me/simple_tracking.txt	1	0
rdns_tracking_the_block_list_project_376b9519	rethink_the_block_list_project	Tracking (The Block List Project)	The Block List Project		medium	auto		LICENSE_UNKNOWN	unverified	0	unknown	0					2026-07-15	Fuente listada por Rethink en su grupo original Privacy. Las etiquetas y formatos se conservan como los publica el catálogo upstream.	Tracking (The Block List Project)	Privacy	The Block List Project	spyware	domains,domains	https://blocklistproject.github.io/Lists/alt-version/tracking-nl.txt,https://raw.githubusercontent.com/ShadowWhisperer/BlockLists/master/Lists/Tracking	2	1
rdns_tumblr_77d61bbc	rethink_services	Tumblr	Services		medium	domains	https://raw.githubusercontent.com/nextdns/services/main/services/tumblr	LICENSE_UNKNOWN	unverified	0	unknown	0					2026-07-15	Fuente listada por Rethink en su grupo original ParentalControl. Las etiquetas y formatos se conservan como los publica el catálogo upstream.	Tumblr	ParentalControl	Services	socialmedia	domains	https://raw.githubusercontent.com/nextdns/services/main/services/tumblr	1	0
rdns_turkey_adlist_bkrucarci_7bb2a6c6	rethink_catalog	Turkey Adlist (bkrucarci)	serverless-dns/blocklists		medium	hosts	https://raw.githubusercontent.com/bkrucarci/turk-adlist/master/hosts	LICENSE_UNKNOWN	unverified	0	unknown	0					2026-07-15	Fuente listada por Rethink en su grupo original Privacy. Las etiquetas y formatos se conservan como los publica el catálogo upstream.	Turkey Adlist (bkrucarci)	Privacy		extremeprivacy	hosts	https://raw.githubusercontent.com/bkrucarci/turk-adlist/master/hosts	1	0
rdns_twitch_0c9c3f21	rethink_services	Twitch	Services		medium	auto		LICENSE_UNKNOWN	unverified	0	unknown	0					2026-07-15	Fuente listada por Rethink en su grupo original ParentalControl. Las etiquetas y formatos se conservan como los publica el catálogo upstream.	Twitch	ParentalControl	Services	gaming,streams,amazon	domains,domains	https://raw.githubusercontent.com/nextdns/services/main/services/twitch,https://raw.githubusercontent.com/nickspaargaren/no-amazon/master/categories/twitchparsed	2	1
rdns_twitter_888afd33	rethink_services	Twitter	Services		medium	domains	https://raw.githubusercontent.com/nextdns/services/main/services/twitter	LICENSE_UNKNOWN	unverified	0	unknown	0					2026-07-15	Fuente listada por Rethink en su grupo original ParentalControl. Las etiquetas y formatos se conservan como los publica el catálogo upstream.	Twitter	ParentalControl	Services	socialmedia	domains	https://raw.githubusercontent.com/nextdns/services/main/services/twitter	1	0
rdns_typosquatting_protection_ec0f2417	rethink_threatintelligence	Typosquatting Protection	ThreatIntelligence		medium	auto		LICENSE_UNKNOWN	unverified	0	unknown	0					2026-07-15	Fuente listada por Rethink en su grupo original Security. Las etiquetas y formatos se conservan como los publica el catálogo upstream.	Typosquatting Protection	Security	ThreatIntelligence	scams & phishing	domains,domains	https://github.com/cbuijs/accomplist/raw/master/typosquat/plain.black.domain.list,https://raw.githubusercontent.com/ShadowWhisperer/BlockLists/master/Lists/Typo	2	1
rdns_unified_blocklist_vdbhb59_0a4bf6db	rethink_catalog	Unified Blocklist (vdbhb59)	serverless-dns/blocklists		medium	hosts	https://hosts.flossboxin.org.in/files/hosts	LICENSE_UNKNOWN	unverified	0	unknown	0					2026-07-15	Fuente listada por Rethink en su grupo original Privacy. Las etiquetas y formatos se conservan como los publica el catálogo upstream.	Unified Blocklist (vdbhb59)	Privacy		aggressiveprivacy	hosts	https://hosts.flossboxin.org.in/files/hosts	1	0
rdns_url_shorteners_peterdavehello_shadowwhispere_e1aa5c6c	rethink_trackingdomains	URL Shorteners (PeterDaveHello + ShadowWhisperer)	TrackingDomains		medium	auto		LICENSE_UNKNOWN	unverified	0	unknown	0					2026-07-15	Fuente listada por Rethink en su grupo original Security. Las etiquetas y formatos se conservan como los publica el catálogo upstream.	URL Shorteners (PeterDaveHello + ShadowWhisperer)	Security	TrackingDomains	url-shorteners	domains,domains	https://raw.githubusercontent.com/PeterDaveHello/url-shorteners/master/list,https://raw.githubusercontent.com/ShadowWhisperer/BlockLists/master/Lists/UrlShortener	2	1
rdns_usenet_2d1d3865	rethink_piracy	Usenet	Piracy		medium	domains	https://raw.githubusercontent.com/nextdns/piracy-blocklists/master/usenet	LICENSE_UNKNOWN	unverified	0	unknown	0					2026-07-15	Fuente listada por Rethink en su grupo original ParentalControl. Las etiquetas y formatos se conservan como los publica el catálogo upstream.	Usenet	ParentalControl	Piracy	file-hosts,piracy	domains	https://raw.githubusercontent.com/nextdns/piracy-blocklists/master/usenet	1	0
rdns_vaping_the_block_list_project_5b5b134c	rethink_the_block_list_project	Vaping (The Block List Project)	The Block List Project		medium	auto		LICENSE_UNKNOWN	unverified	0	unknown	0					2026-07-15	Fuente listada por Rethink en su grupo original ParentalControl. Las etiquetas y formatos se conservan como los publica el catálogo upstream.	Vaping (The Block List Project)	ParentalControl	The Block List Project	drugs	domains,domains	https://blocklistproject.github.io/Lists/alt-version/vaping-nl.txt,https://raw.githubusercontent.com/jaykepeters/Blocklists/master/Drugs/vaping.txt	2	1
rdns_velesila_yhosts_c2ed8c30	rethink_catalog	VeleSila (yhosts)	serverless-dns/blocklists		medium	hosts	https://raw.githubusercontent.com/VeleSila/yhosts/master/hosts	LICENSE_UNKNOWN	unverified	1	unknown	0					2026-07-15	Fuente listada por Rethink en su grupo original Privacy. Las etiquetas y formatos se conservan como los publica el catálogo upstream.	VeleSila (yhosts)	Privacy		recommended,liteprivacy	hosts	https://raw.githubusercontent.com/VeleSila/yhosts/master/hosts	1	0
rdns_vimeo_cce2b0ae	rethink_services	Vimeo	Services		medium	domains	https://raw.githubusercontent.com/nextdns/services/main/services/vimeo	LICENSE_UNKNOWN	unverified	0	unknown	0					2026-07-15	Fuente listada por Rethink en su grupo original ParentalControl. Las etiquetas y formatos se conservan como los publica el catálogo upstream.	Vimeo	ParentalControl	Services	streams	domains	https://raw.githubusercontent.com/nextdns/services/main/services/vimeo	1	0
rdns_vk_dffe33b5	rethink_services	VK	Services		medium	domains	https://raw.githubusercontent.com/nextdns/services/main/services/vk	LICENSE_UNKNOWN	unverified	0	unknown	0					2026-07-15	Fuente listada por Rethink en su grupo original ParentalControl. Las etiquetas y formatos se conservan como los publica el catálogo upstream.	VK	ParentalControl	Services	socialmedia	domains	https://raw.githubusercontent.com/nextdns/services/main/services/vk	1	0
rdns_warez_81d67788	rethink_piracy	Warez	Piracy		medium	domains	https://raw.githubusercontent.com/nextdns/piracy-blocklists/master/warez	LICENSE_UNKNOWN	unverified	0	unknown	0					2026-07-15	Fuente listada por Rethink en su grupo original ParentalControl. Las etiquetas y formatos se conservan como los publica el catálogo upstream.	Warez	ParentalControl	Piracy	file-hosts,piracy	domains	https://raw.githubusercontent.com/nextdns/piracy-blocklists/master/warez	1	0
rdns_whatsapp_5543006f	rethink_catalog	WhatsApp	serverless-dns/blocklists		medium	domains		LICENSE_UNKNOWN	broken	0	unknown	0					2026-07-15	Fuente listada por Rethink en su grupo original sin grupo. Las etiquetas y formatos se conservan como los publica el catálogo upstream.	WhatsApp			dead	domains		0	1
rdns_whatsapp_9d6a66ab	rethink_services	WhatsApp	Services		medium	auto		LICENSE_UNKNOWN	unverified	0	unknown	0					2026-07-15	Fuente listada por Rethink en su grupo original ParentalControl. Las etiquetas y formatos se conservan como los publica el catálogo upstream.	WhatsApp	ParentalControl	Services	facebook,whatsapp	domains,domains	https://raw.githubusercontent.com/nextdns/services/main/services/whatsapp,https://blocklistproject.github.io/Lists/alt-version/whatsapp-nl.txt	2	1
rdns_windows_6dc70cd0	rethink_nativetracking	Windows	NativeTracking		medium	auto		LICENSE_UNKNOWN	unverified	0	unknown	0					2026-07-15	Fuente listada por Rethink en su grupo original Privacy. Las etiquetas y formatos se conservan como los publica el catálogo upstream.	Windows	Privacy	NativeTracking	windows	domains,wildcard	https://raw.githubusercontent.com/nextdns/native-tracking-domains/main/domains/windows,https://raw.githubusercontent.com/hagezi/dns-blocklists/main/wildcard/native.winoffice.txt	2	1
rdns_windows_telemetry_bae2fd1c	rethink_windowsspyblocker	Windows Telemetry	WindowsSpyBlocker		medium	auto		LICENSE_UNKNOWN	unverified	0	unknown	0					2026-07-15	Fuente listada por Rethink en su grupo original Privacy. Las etiquetas y formatos se conservan como los publica el catálogo upstream.	Windows Telemetry	Privacy	WindowsSpyBlocker	windows	wildcard,wildcard,domains	https://raw.githubusercontent.com/crazy-max/WindowsSpyBlocker/master/data/dnscrypt/spy.txt,https://raw.githubusercontent.com/crazy-max/WindowsSpyBlocker/master/data/dnscrypt/extra.txt,https://raw.githubusercontent.com/RPiList/specials/master/Blocklisten/Win10Telemetry	3	1
rdns_xiaomi_0c9a1810	rethink_nativetracking	Xiaomi	NativeTracking		medium	auto		LICENSE_UNKNOWN	unverified	0	unknown	0					2026-07-15	Fuente listada por Rethink en su grupo original Privacy. Las etiquetas y formatos se conservan como los publica el catálogo upstream.	Xiaomi	Privacy	NativeTracking		domains,domains	https://raw.githubusercontent.com/nextdns/native-tracking-domains/main/domains/xiaomi,https://github.com/unknownFalleN/xiaomi-dns-blocklist/blob/master/xiaomi_dns_block.lst	2	1
rdns_yet_another_small_ublock_filter_list_bb42d994	rethink_catalog	Yet another small uBlock filter list	serverless-dns/blocklists		medium	hosts	https://raw.githubusercontent.com/mtxadmin/ublock/master/hosts.txt	LICENSE_UNKNOWN	unverified	0	unknown	0					2026-07-15	Fuente listada por Rethink en su grupo original Privacy. Las etiquetas y formatos se conservan como los publica el catálogo upstream.	Yet another small uBlock filter list	Privacy		extremeprivacy	hosts	https://raw.githubusercontent.com/mtxadmin/ublock/master/hosts.txt	1	0
rdns_youslist_926e3b17	rethink_catalog	YousList	serverless-dns/blocklists		medium	hosts	https://raw.githubusercontent.com/yous/YousList/master/hosts.txt	LICENSE_UNKNOWN	unverified	0	unknown	0					2026-07-15	Fuente listada por Rethink en su grupo original Privacy. Las etiquetas y formatos se conservan como los publica el catálogo upstream.	YousList	Privacy			hosts	https://raw.githubusercontent.com/yous/YousList/master/hosts.txt	1	0
rdns_youtube_de16720b	rethink_services	YouTube	Services		medium	domains	https://raw.githubusercontent.com/nextdns/services/main/services/youtube	LICENSE_UNKNOWN	unverified	0	unknown	0					2026-07-15	Fuente listada por Rethink en su grupo original ParentalControl. Las etiquetas y formatos se conservan como los publica el catálogo upstream.	YouTube	ParentalControl	Services	streams,google,youtube	domains	https://raw.githubusercontent.com/nextdns/services/main/services/youtube	1	0
rdns_zoom_023f5a16	rethink_services	Zoom	Services		medium	domains	https://raw.githubusercontent.com/nextdns/services/main/services/zoom	LICENSE_UNKNOWN	unverified	0	unknown	0					2026-07-15	Fuente listada por Rethink en su grupo original ParentalControl. Las etiquetas y formatos se conservan como los publica el catálogo upstream.	Zoom	ParentalControl	Services	zoom,socialmedia	domains	https://raw.githubusercontent.com/nextdns/services/main/services/zoom	1	0
stevenblack_base	stevenblack	StevenBlack (Base: Ads + Malware)	StevenBlack	ads,malware,trackers	medium	hosts	https://raw.githubusercontent.com/StevenBlack/hosts/master/hosts	MIT	unverified	1	good	0					2026-07-15	Base unificada y muy mantenida. Componer con extensiones (fakenews/gambling/porn/social) segun necesites.	StevenBlack	Privacy	StevenBlack	aggressiveprivacy,recommended	hosts	https://raw.githubusercontent.com/StevenBlack/hosts/master/hosts	1	0
stevenblack_fakenews	stevenblack	StevenBlack + Fakenews (extension)	StevenBlack	scams	medium	hosts	https://raw.githubusercontent.com/StevenBlack/hosts/master/alternates/fakenews/hosts	MIT	unverified	0	good	0					2026-07-15	Extension de noticias falsas para componer con la base de StevenBlack.							0	0
stevenblack_gambling	stevenblack	StevenBlack + Gambling (extension)	StevenBlack	gambling	medium	hosts	https://raw.githubusercontent.com/StevenBlack/hosts/master/alternates/gambling/hosts	MIT	unverified	0	good	0			hagezi_gambling_full		2026-07-15	Extension de apuestas para componer con la base de StevenBlack.							0	0
stevenblack_porn	stevenblack	StevenBlack + Porn (extension)	StevenBlack	adult_content	high	hosts	https://raw.githubusercontent.com/StevenBlack/hosts/master/alternates/porn/hosts	MIT	unverified	0	good	0			hagezi_nsfw,oisd_nsfw		2026-07-15	Extension de contenido adulto (paginas). NO es adult_advertising.	Adult (StevenBlack)	ParentalControl	StevenBlack	adult	hosts	https://raw.githubusercontent.com/StevenBlack/hosts/master/alternates/porn/hosts	1	0
stevenblack_social	stevenblack	StevenBlack + Social (extension)	StevenBlack	social_networks	high	hosts	https://raw.githubusercontent.com/StevenBlack/hosts/master/alternates/social/hosts	MIT	unverified	0	good	0			hagezi_social		2026-07-15	Extension de redes sociales para componer con la base de StevenBlack.							0	0
